Feature_1,Feature_2,Absolute_Correlation
missingindicator_ee_003,missingindicator_ee_005,1.0
missingindicator_ai_000,missingindicator_aj_000,1.0
missingindicator_ai_000,missingindicator_am_0,1.0
missingindicator_ai_000,missingindicator_as_000,1.0
missingindicator_ai_000,missingindicator_at_000,1.0
missingindicator_ai_000,missingindicator_au_000,1.0
missingindicator_aj_000,missingindicator_am_0,1.0
missingindicator_aj_000,missingindicator_as_000,1.0
missingindicator_aj_000,missingindicator_at_000,1.0
missingindicator_aj_000,missingindicator_au_000,1.0
missingindicator_al_000,missingindicator_an_000,1.0
missingindicator_al_000,missingindicator_ap_000,1.0
missingindicator_al_000,missingindicator_bg_000,1.0
missingindicator_al_000,missingindicator_bh_000,1.0
missingindicator_am_0,missingindicator_as_000,1.0
missingindicator_am_0,missingindicator_at_000,1.0
missingindicator_am_0,missingindicator_au_000,1.0
missingindicator_ea_000,missingindicator_eg_000,1.0
missingindicator_ee_000,missingindicator_ee_001,1.0
missingindicator_ee_000,missingindicator_ee_002,1.0
missingindicator_ee_000,missingindicator_ee_003,1.0
missingindicator_ee_000,missingindicator_ee_004,1.0
missingindicator_ee_000,missingindicator_ee_005,1.0
missingindicator_ee_000,missingindicator_ee_006,1.0
missingindicator_ee_000,missingindicator_ee_007,1.0
missingindicator_ee_000,missingindicator_ee_008,1.0
missingindicator_ee_000,missingindicator_ee_009,1.0
missingindicator_ee_001,missingindicator_ee_002,1.0
missingindicator_ee_001,missingindicator_ee_003,1.0
missingindicator_ee_001,missingindicator_ee_004,1.0
missingindicator_ee_001,missingindicator_ee_005,1.0
missingindicator_ee_001,missingindicator_ee_006,1.0
missingindicator_ee_001,missingindicator_ee_007,1.0
missingindicator_dx_000,missingindicator_dz_000,1.0
missingindicator_dx_000,missingindicator_ea_000,1.0
missingindicator_dx_000,missingindicator_eg_000,1.0
missingindicator_dy_000,missingindicator_ef_000,1.0
missingindicator_ae_000,missingindicator_af_000,1.0
missingindicator_ab_000,missingindicator_cr_000,1.0
missingindicator_ad_000,missingindicator_cf_000,1.0
missingindicator_ad_000,missingindicator_cg_000,1.0
missingindicator_ad_000,missingindicator_ch_000,1.0
missingindicator_ad_000,missingindicator_co_000,1.0
missingindicator_dz_000,missingindicator_ea_000,1.0
missingindicator_dz_000,missingindicator_eg_000,1.0
missingindicator_cy_000,missingindicator_da_000,1.0
missingindicator_cy_000,missingindicator_db_000,1.0
missingindicator_cy_000,missingindicator_dc_000,1.0
missingindicator_cz_000,missingindicator_da_000,1.0
missingindicator_cz_000,missingindicator_db_000,1.0
missingindicator_cz_000,missingindicator_dc_000,1.0
missingindicator_da_000,missingindicator_db_000,1.0
missingindicator_da_000,missingindicator_dc_000,1.0
missingindicator_db_000,missingindicator_dc_000,1.0
missingindicator_dh_000,missingindicator_dl_000,1.0
missingindicator_dj_000,missingindicator_eb_000,1.0
missingindicator_dp_000,missingindicator_dq_000,1.0
missingindicator_dr_000,missingindicator_du_000,1.0
missingindicator_dr_000,missingindicator_dv_000,1.0
missingindicator_ds_000,missingindicator_dt_000,1.0
missingindicator_du_000,missingindicator_dv_000,1.0
missingindicator_cu_000,missingindicator_cz_000,1.0
missingindicator_cu_000,missingindicator_da_000,1.0
missingindicator_cu_000,missingindicator_db_000,1.0
missingindicator_cu_000,missingindicator_dc_000,1.0
missingindicator_cv_000,missingindicator_cx_000,1.0
missingindicator_cv_000,missingindicator_cy_000,1.0
missingindicator_cv_000,missingindicator_cz_000,1.0
missingindicator_cv_000,missingindicator_da_000,1.0
missingindicator_cv_000,missingindicator_db_000,1.0
missingindicator_cv_000,missingindicator_dc_000,1.0
missingindicator_cx_000,missingindicator_cy_000,1.0
missingindicator_cx_000,missingindicator_cz_000,1.0
missingindicator_cx_000,missingindicator_da_000,1.0
missingindicator_cx_000,missingindicator_db_000,1.0
missingindicator_cx_000,missingindicator_dc_000,1.0
missingindicator_cy_000,missingindicator_cz_000,1.0
missingindicator_cs_007,missingindicator_cs_008,1.0
missingindicator_cs_007,missingindicator_cs_009,1.0
missingindicator_cs_008,missingindicator_cs_009,1.0
missingindicator_ag_000,missingindicator_ag_001,1.0
missingindicator_ag_000,missingindicator_ag_002,1.0
missingindicator_ct_000,missingindicator_cu_000,1.0
missingindicator_ct_000,missingindicator_cv_000,1.0
missingindicator_ct_000,missingindicator_cx_000,1.0
missingindicator_ct_000,missingindicator_cy_000,1.0
missingindicator_ct_000,missingindicator_cz_000,1.0
missingindicator_ct_000,missingindicator_da_000,1.0
missingindicator_ct_000,missingindicator_db_000,1.0
missingindicator_ct_000,missingindicator_dc_000,1.0
missingindicator_cu_000,missingindicator_cv_000,1.0
missingindicator_cu_000,missingindicator_cx_000,1.0
missingindicator_cu_000,missingindicator_cy_000,1.0
missingindicator_cs_004,missingindicator_cs_008,1.0
missingindicator_ag_000,missingindicator_ag_003,1.0
missingindicator_ag_000,missingindicator_ag_004,1.0
missingindicator_ag_000,missingindicator_ag_005,1.0
missingindicator_ag_000,missingindicator_ag_006,1.0
missingindicator_ag_000,missingindicator_ag_007,1.0
missingindicator_ag_000,missingindicator_ag_008,1.0
missingindicator_ag_000,missingindicator_ag_009,1.0
missingindicator_cs_004,missingindicator_cs_009,1.0
missingindicator_cs_005,missingindicator_cs_006,1.0
missingindicator_cs_005,missingindicator_cs_007,1.0
missingindicator_cs_005,missingindicator_cs_008,1.0
missingindicator_cs_005,missingindicator_cs_009,1.0
missingindicator_cs_006,missingindicator_cs_007,1.0
missingindicator_cs_006,missingindicator_cs_008,1.0
missingindicator_cs_006,missingindicator_cs_009,1.0
missingindicator_cs_002,missingindicator_cs_003,1.0
missingindicator_cs_002,missingindicator_cs_004,1.0
missingindicator_cs_002,missingindicator_cs_005,1.0
missingindicator_cs_002,missingindicator_cs_006,1.0
missingindicator_cs_002,missingindicator_cs_007,1.0
missingindicator_cs_002,missingindicator_cs_008,1.0
missingindicator_cs_002,missingindicator_cs_009,1.0
missingindicator_cs_003,missingindicator_cs_004,1.0
missingindicator_cs_003,missingindicator_cs_005,1.0
missingindicator_cs_003,missingindicator_cs_006,1.0
missingindicator_cs_003,missingindicator_cs_007,1.0
missingindicator_cs_003,missingindicator_cs_008,1.0
missingindicator_cs_003,missingindicator_cs_009,1.0
missingindicator_cs_004,missingindicator_cs_005,1.0
missingindicator_cs_004,missingindicator_cs_006,1.0
missingindicator_cs_004,missingindicator_cs_007,1.0
missingindicator_cs_000,missingindicator_cs_002,1.0
missingindicator_cs_000,missingindicator_cs_003,1.0
missingindicator_cs_000,missingindicator_cs_004,1.0
missingindicator_cs_000,missingindicator_cs_005,1.0
missingindicator_cs_000,missingindicator_cs_006,1.0
missingindicator_cs_000,missingindicator_cs_007,1.0
missingindicator_cs_000,missingindicator_cs_008,1.0
missingindicator_cs_000,missingindicator_cs_009,1.0
missingindicator_cs_001,missingindicator_cs_002,1.0
missingindicator_cs_001,missingindicator_cs_003,1.0
missingindicator_cs_001,missingindicator_cs_004,1.0
missingindicator_cs_001,missingindicator_cs_005,1.0
missingindicator_cs_001,missingindicator_cs_006,1.0
missingindicator_cs_001,missingindicator_cs_007,1.0
missingindicator_cs_001,missingindicator_cs_008,1.0
missingindicator_cs_001,missingindicator_cs_009,1.0
missingindicator_cn_004,missingindicator_cn_008,1.0
missingindicator_cn_004,missingindicator_cn_009,1.0
missingindicator_cn_005,missingindicator_cn_006,1.0
missingindicator_cn_005,missingindicator_cn_007,1.0
missingindicator_cn_005,missingindicator_cn_008,1.0
missingindicator_cn_005,missingindicator_cn_009,1.0
missingindicator_cn_006,missingindicator_cn_007,1.0
missingindicator_cn_006,missingindicator_cn_008,1.0
missingindicator_cn_006,missingindicator_cn_009,1.0
missingindicator_cn_007,missingindicator_cn_008,1.0
missingindicator_cn_007,missingindicator_cn_009,1.0
missingindicator_cn_008,missingindicator_cn_009,1.0
missingindicator_cp_000,missingindicator_dy_000,1.0
missingindicator_cp_000,missingindicator_ef_000,1.0
missingindicator_cq_000,missingindicator_dn_000,1.0
missingindicator_cs_000,missingindicator_cs_001,1.0
missingindicator_ag_001,missingindicator_ag_003,1.0
missingindicator_ag_001,missingindicator_ag_004,1.0
missingindicator_ag_001,missingindicator_ag_005,1.0
missingindicator_ag_001,missingindicator_ag_006,1.0
missingindicator_ag_001,missingindicator_ag_007,1.0
missingindicator_ag_001,missingindicator_ag_008,1.0
missingindicator_ag_001,missingindicator_ag_009,1.0
missingindicator_cn_003,missingindicator_cn_004,1.0
missingindicator_cn_003,missingindicator_cn_005,1.0
missingindicator_cn_003,missingindicator_cn_006,1.0
missingindicator_cn_003,missingindicator_cn_007,1.0
missingindicator_cn_003,missingindicator_cn_008,1.0
missingindicator_cn_003,missingindicator_cn_009,1.0
missingindicator_cn_004,missingindicator_cn_005,1.0
missingindicator_cn_004,missingindicator_cn_006,1.0
missingindicator_cn_004,missingindicator_cn_007,1.0
missingindicator_cn_001,missingindicator_cn_002,1.0
missingindicator_cn_001,missingindicator_cn_003,1.0
missingindicator_cn_001,missingindicator_cn_004,1.0
missingindicator_cn_001,missingindicator_cn_005,1.0
missingindicator_cn_001,missingindicator_cn_006,1.0
missingindicator_cn_001,missingindicator_cn_007,1.0
missingindicator_cn_001,missingindicator_cn_008,1.0
missingindicator_cn_001,missingindicator_cn_009,1.0
missingindicator_cn_002,missingindicator_cn_003,1.0
missingindicator_cn_002,missingindicator_cn_004,1.0
missingindicator_cn_002,missingindicator_cn_005,1.0
missingindicator_cn_002,missingindicator_cn_006,1.0
missingindicator_cn_002,missingindicator_cn_007,1.0
missingindicator_cn_002,missingindicator_cn_008,1.0
missingindicator_cn_002,missingindicator_cn_009,1.0
missingindicator_ag_001,missingindicator_ag_002,1.0
missingindicator_cg_000,missingindicator_ch_000,1.0
missingindicator_cg_000,missingindicator_co_000,1.0
missingindicator_ch_000,missingindicator_co_000,1.0
missingindicator_ci_000,missingindicator_cj_000,1.0
missingindicator_ci_000,missingindicator_ck_000,1.0
missingindicator_cj_000,missingindicator_ck_000,1.0
missingindicator_cl_000,missingindicator_ed_000,1.0
missingindicator_cn_000,missingindicator_cn_001,1.0
missingindicator_cn_000,missingindicator_cn_002,1.0
missingindicator_cn_000,missingindicator_cn_003,1.0
missingindicator_cn_000,missingindicator_cn_004,1.0
missingindicator_cn_000,missingindicator_cn_005,1.0
missingindicator_cn_000,missingindicator_cn_006,1.0
missingindicator_cn_000,missingindicator_cn_007,1.0
missingindicator_cn_000,missingindicator_cn_008,1.0
missingindicator_cn_000,missingindicator_cn_009,1.0
missingindicator_ba_008,missingindicator_ba_009,1.0
missingindicator_bg_000,missingindicator_bh_000,1.0
missingindicator_bi_000,missingindicator_bj_000,1.0
missingindicator_bs_000,missingindicator_cb_000,1.0
missingindicator_bu_000,missingindicator_bv_000,1.0
missingindicator_bu_000,missingindicator_cq_000,1.0
missingindicator_bu_000,missingindicator_dn_000,1.0
missingindicator_bv_000,missingindicator_cq_000,1.0
missingindicator_bv_000,missingindicator_dn_000,1.0
missingindicator_bz_000,missingindicator_dx_000,1.0
missingindicator_bz_000,missingindicator_dz_000,1.0
missingindicator_bz_000,missingindicator_ea_000,1.0
missingindicator_bz_000,missingindicator_eg_000,1.0
missingindicator_cf_000,missingindicator_cg_000,1.0
missingindicator_cf_000,missingindicator_ch_000,1.0
missingindicator_cf_000,missingindicator_co_000,1.0
missingindicator_ag_002,missingindicator_ag_003,1.0
missingindicator_ag_002,missingindicator_ag_004,1.0
missingindicator_ag_002,missingindicator_ag_005,1.0
missingindicator_ag_002,missingindicator_ag_006,1.0
missingindicator_ag_002,missingindicator_ag_007,1.0
missingindicator_ag_002,missingindicator_ag_008,1.0
missingindicator_ag_002,missingindicator_ag_009,1.0
missingindicator_ba_005,missingindicator_ba_006,1.0
missingindicator_ba_005,missingindicator_ba_007,1.0
missingindicator_ba_005,missingindicator_ba_008,1.0
missingindicator_ba_005,missingindicator_ba_009,1.0
missingindicator_ba_006,missingindicator_ba_007,1.0
missingindicator_ba_006,missingindicator_ba_008,1.0
missingindicator_ba_006,missingindicator_ba_009,1.0
missingindicator_ba_007,missingindicator_ba_008,1.0
missingindicator_ba_007,missingindicator_ba_009,1.0
missingindicator_ba_002,missingindicator_ba_005,1.0
missingindicator_ba_002,missingindicator_ba_006,1.0
missingindicator_ba_002,missingindicator_ba_007,1.0
missingindicator_ba_002,missingindicator_ba_008,1.0
missingindicator_ba_002,missingindicator_ba_009,1.0
missingindicator_ba_003,missingindicator_ba_004,1.0
missingindicator_ba_003,missingindicator_ba_005,1.0
missingindicator_ba_003,missingindicator_ba_006,1.0
missingindicator_ba_003,missingindicator_ba_007,1.0
missingindicator_ba_003,missingindicator_ba_008,1.0
missingindicator_ba_003,missingindicator_ba_009,1.0
missingindicator_ba_004,missingindicator_ba_005,1.0
missingindicator_ba_004,missingindicator_ba_006,1.0
missingindicator_ba_004,missingindicator_ba_007,1.0
missingindicator_ba_004,missingindicator_ba_008,1.0
missingindicator_ba_004,missingindicator_ba_009,1.0
missingindicator_ba_000,missingindicator_ba_004,1.0
missingindicator_ba_000,missingindicator_ba_005,1.0
missingindicator_ba_000,missingindicator_ba_006,1.0
missingindicator_ba_000,missingindicator_ba_007,1.0
missingindicator_ba_000,missingindicator_ba_008,1.0
missingindicator_ba_000,missingindicator_ba_009,1.0
missingindicator_ba_001,missingindicator_ba_002,1.0
missingindicator_ba_001,missingindicator_ba_003,1.0
missingindicator_ba_001,missingindicator_ba_004,1.0
missingindicator_ba_001,missingindicator_ba_005,1.0
missingindicator_ba_001,missingindicator_ba_006,1.0
missingindicator_ba_001,missingindicator_ba_007,1.0
missingindicator_ba_001,missingindicator_ba_008,1.0
missingindicator_ba_001,missingindicator_ba_009,1.0
missingindicator_ba_002,missingindicator_ba_003,1.0
missingindicator_ba_002,missingindicator_ba_004,1.0
missingindicator_az_008,missingindicator_ee_007,1.0
missingindicator_az_008,missingindicator_ee_008,1.0
missingindicator_az_008,missingindicator_ee_009,1.0
missingindicator_az_009,missingindicator_ee_000,1.0
missingindicator_az_009,missingindicator_ee_001,1.0
missingindicator_az_009,missingindicator_ee_002,1.0
missingindicator_az_009,missingindicator_ee_003,1.0
missingindicator_az_009,missingindicator_ee_004,1.0
missingindicator_az_009,missingindicator_ee_005,1.0
missingindicator_az_009,missingindicator_ee_006,1.0
missingindicator_az_009,missingindicator_ee_007,1.0
missingindicator_az_009,missingindicator_ee_008,1.0
missingindicator_az_009,missingindicator_ee_009,1.0
missingindicator_ba_000,missingindicator_ba_001,1.0
missingindicator_ba_000,missingindicator_ba_002,1.0
missingindicator_ba_000,missingindicator_ba_003,1.0
missingindicator_az_007,missingindicator_ee_008,1.0
missingindicator_az_007,missingindicator_ee_009,1.0
missingindicator_az_008,missingindicator_az_009,1.0
missingindicator_ag_003,missingindicator_ag_004,1.0
missingindicator_ag_003,missingindicator_ag_005,1.0
missingindicator_ag_003,missingindicator_ag_006,1.0
missingindicator_ag_003,missingindicator_ag_007,1.0
missingindicator_ag_003,missingindicator_ag_008,1.0
missingindicator_ag_003,missingindicator_ag_009,1.0
missingindicator_az_008,missingindicator_ee_000,1.0
missingindicator_az_008,missingindicator_ee_001,1.0
missingindicator_az_008,missingindicator_ee_002,1.0
missingindicator_az_008,missingindicator_ee_003,1.0
missingindicator_az_008,missingindicator_ee_004,1.0
missingindicator_az_008,missingindicator_ee_005,1.0
missingindicator_az_008,missingindicator_ee_006,1.0
missingindicator_az_006,missingindicator_ee_004,1.0
missingindicator_az_006,missingindicator_ee_005,1.0
missingindicator_az_006,missingindicator_ee_006,1.0
missingindicator_az_006,missingindicator_ee_007,1.0
missingindicator_az_006,missingindicator_ee_008,1.0
missingindicator_az_006,missingindicator_ee_009,1.0
missingindicator_az_007,missingindicator_az_008,1.0
missingindicator_az_007,missingindicator_az_009,1.0
missingindicator_az_007,missingindicator_ee_000,1.0
missingindicator_az_007,missingindicator_ee_001,1.0
missingindicator_az_007,missingindicator_ee_002,1.0
missingindicator_az_007,missingindicator_ee_003,1.0
missingindicator_az_007,missingindicator_ee_004,1.0
missingindicator_az_007,missingindicator_ee_005,1.0
missingindicator_az_007,missingindicator_ee_006,1.0
missingindicator_az_007,missingindicator_ee_007,1.0
missingindicator_az_005,missingindicator_ee_001,1.0
missingindicator_az_005,missingindicator_ee_002,1.0
missingindicator_az_005,missingindicator_ee_003,1.0
missingindicator_az_005,missingindicator_ee_004,1.0
missingindicator_az_005,missingindicator_ee_005,1.0
missingindicator_az_005,missingindicator_ee_006,1.0
missingindicator_az_005,missingindicator_ee_007,1.0
missingindicator_az_005,missingindicator_ee_008,1.0
missingindicator_az_005,missingindicator_ee_009,1.0
missingindicator_az_006,missingindicator_az_007,1.0
missingindicator_az_006,missingindicator_az_008,1.0
missingindicator_az_006,missingindicator_az_009,1.0
missingindicator_az_006,missingindicator_ee_000,1.0
missingindicator_az_006,missingindicator_ee_001,1.0
missingindicator_az_006,missingindicator_ee_002,1.0
missingindicator_az_006,missingindicator_ee_003,1.0
missingindicator_az_004,missingindicator_az_009,1.0
missingindicator_az_004,missingindicator_ee_000,1.0
missingindicator_az_004,missingindicator_ee_001,1.0
missingindicator_az_004,missingindicator_ee_002,1.0
missingindicator_az_004,missingindicator_ee_003,1.0
missingindicator_az_004,missingindicator_ee_004,1.0
missingindicator_az_004,missingindicator_ee_005,1.0
missingindicator_az_004,missingindicator_ee_006,1.0
missingindicator_az_004,missingindicator_ee_007,1.0
missingindicator_az_004,missingindicator_ee_008,1.0
missingindicator_az_004,missingindicator_ee_009,1.0
missingindicator_az_005,missingindicator_az_006,1.0
missingindicator_az_005,missingindicator_az_007,1.0
missingindicator_az_005,missingindicator_az_008,1.0
missingindicator_az_005,missingindicator_az_009,1.0
missingindicator_az_005,missingindicator_ee_000,1.0
missingindicator_ag_004,missingindicator_ag_006,1.0
missingindicator_ag_004,missingindicator_ag_007,1.0
missingindicator_ag_004,missingindicator_ag_008,1.0
missingindicator_az_003,missingindicator_ee_001,1.0
missingindicator_az_003,missingindicator_ee_002,1.0
missingindicator_az_003,missingindicator_ee_003,1.0
missingindicator_az_003,missingindicator_ee_004,1.0
missingindicator_az_003,missingindicator_ee_005,1.0
missingindicator_az_003,missingindicator_ee_006,1.0
missingindicator_az_003,missingindicator_ee_007,1.0
missingindicator_az_003,missingindicator_ee_008,1.0
missingindicator_az_003,missingindicator_ee_009,1.0
missingindicator_az_004,missingindicator_az_005,1.0
missingindicator_az_004,missingindicator_az_006,1.0
missingindicator_az_004,missingindicator_az_007,1.0
missingindicator_az_004,missingindicator_az_008,1.0
missingindicator_az_002,missingindicator_ee_002,1.0
missingindicator_az_002,missingindicator_ee_003,1.0
missingindicator_az_002,missingindicator_ee_004,1.0
missingindicator_az_002,missingindicator_ee_005,1.0
missingindicator_az_002,missingindicator_ee_006,1.0
missingindicator_az_002,missingindicator_ee_007,1.0
missingindicator_az_002,missingindicator_ee_008,1.0
missingindicator_az_002,missingindicator_ee_009,1.0
missingindicator_az_003,missingindicator_az_004,1.0
missingindicator_az_003,missingindicator_az_005,1.0
missingindicator_az_003,missingindicator_az_006,1.0
missingindicator_az_003,missingindicator_az_007,1.0
missingindicator_az_003,missingindicator_az_008,1.0
missingindicator_az_003,missingindicator_az_009,1.0
missingindicator_az_003,missingindicator_ee_000,1.0
missingindicator_ag_004,missingindicator_ag_005,1.0
missingindicator_az_001,missingindicator_ee_004,1.0
missingindicator_az_001,missingindicator_ee_005,1.0
missingindicator_az_001,missingindicator_ee_006,1.0
missingindicator_az_001,missingindicator_ee_007,1.0
missingindicator_az_001,missingindicator_ee_008,1.0
missingindicator_az_001,missingindicator_ee_009,1.0
missingindicator_az_002,missingindicator_az_003,1.0
missingindicator_az_002,missingindicator_az_004,1.0
missingindicator_az_002,missingindicator_az_005,1.0
missingindicator_az_002,missingindicator_az_006,1.0
missingindicator_az_002,missingindicator_az_007,1.0
missingindicator_az_002,missingindicator_az_008,1.0
missingindicator_az_002,missingindicator_az_009,1.0
missingindicator_ag_004,missingindicator_ag_009,1.0
missingindicator_az_002,missingindicator_ee_000,1.0
missingindicator_az_002,missingindicator_ee_001,1.0
missingindicator_az_000,missingindicator_ee_006,1.0
missingindicator_az_000,missingindicator_ee_007,1.0
missingindicator_az_000,missingindicator_ee_008,1.0
missingindicator_az_000,missingindicator_ee_009,1.0
missingindicator_az_001,missingindicator_az_002,1.0
missingindicator_az_001,missingindicator_az_003,1.0
missingindicator_az_001,missingindicator_az_004,1.0
missingindicator_az_001,missingindicator_az_005,1.0
missingindicator_az_001,missingindicator_az_006,1.0
missingindicator_az_001,missingindicator_az_007,1.0
missingindicator_az_001,missingindicator_az_008,1.0
missingindicator_az_001,missingindicator_az_009,1.0
missingindicator_az_001,missingindicator_ee_000,1.0
missingindicator_az_001,missingindicator_ee_001,1.0
missingindicator_az_001,missingindicator_ee_002,1.0
missingindicator_az_001,missingindicator_ee_003,1.0
missingindicator_az_000,missingindicator_az_003,1.0
missingindicator_az_000,missingindicator_az_004,1.0
missingindicator_az_000,missingindicator_az_005,1.0
missingindicator_ag_005,missingindicator_ag_006,1.0
missingindicator_ag_005,missingindicator_ag_007,1.0
missingindicator_ag_005,missingindicator_ag_008,1.0
missingindicator_az_000,missingindicator_az_006,1.0
missingindicator_az_000,missingindicator_az_007,1.0
missingindicator_az_000,missingindicator_az_008,1.0
missingindicator_az_000,missingindicator_az_009,1.0
missingindicator_az_000,missingindicator_ee_000,1.0
missingindicator_az_000,missingindicator_ee_001,1.0
missingindicator_az_000,missingindicator_ee_002,1.0
missingindicator_az_000,missingindicator_ee_003,1.0
missingindicator_az_000,missingindicator_ee_004,1.0
missingindicator_az_000,missingindicator_ee_005,1.0
missingindicator_ay_009,missingindicator_az_007,1.0
missingindicator_ay_009,missingindicator_az_008,1.0
missingindicator_ay_009,missingindicator_az_009,1.0
missingindicator_ag_005,missingindicator_ag_009,1.0
missingindicator_ay_009,missingindicator_ee_000,1.0
missingindicator_ay_009,missingindicator_ee_001,1.0
missingindicator_ay_009,missingindicator_ee_002,1.0
missingindicator_ay_009,missingindicator_ee_003,1.0
missingindicator_ay_009,missingindicator_ee_004,1.0
missingindicator_ay_009,missingindicator_ee_005,1.0
missingindicator_ay_009,missingindicator_ee_006,1.0
missingindicator_ay_009,missingindicator_ee_007,1.0
missingindicator_ay_009,missingindicator_ee_008,1.0
missingindicator_ay_009,missingindicator_ee_009,1.0
missingindicator_az_000,missingindicator_az_001,1.0
missingindicator_az_000,missingindicator_az_002,1.0
missingindicator_ay_008,missingindicator_ee_001,1.0
missingindicator_ay_008,missingindicator_ee_002,1.0
missingindicator_ay_008,missingindicator_ee_003,1.0
missingindicator_ay_008,missingindicator_ee_004,1.0
missingindicator_ay_008,missingindicator_ee_005,1.0
missingindicator_ay_008,missingindicator_ee_006,1.0
missingindicator_ay_008,missingindicator_ee_007,1.0
missingindicator_ay_008,missingindicator_ee_008,1.0
missingindicator_ay_008,missingindicator_ee_009,1.0
missingindicator_ay_009,missingindicator_az_000,1.0
missingindicator_ay_009,missingindicator_az_001,1.0
missingindicator_ay_009,missingindicator_az_002,1.0
missingindicator_ay_009,missingindicator_az_003,1.0
missingindicator_ay_009,missingindicator_az_004,1.0
missingindicator_ay_009,missingindicator_az_005,1.0
missingindicator_ay_009,missingindicator_az_006,1.0
missingindicator_ay_007,missingindicator_ee_006,1.0
missingindicator_ay_007,missingindicator_ee_007,1.0
missingindicator_ay_007,missingindicator_ee_008,1.0
missingindicator_ay_007,missingindicator_ee_009,1.0
missingindicator_ay_008,missingindicator_ay_009,1.0
missingindicator_ay_008,missingindicator_az_000,1.0
missingindicator_ay_008,missingindicator_az_001,1.0
missingindicator_ay_008,missingindicator_az_002,1.0
missingindicator_ay_008,missingindicator_az_003,1.0
missingindicator_ay_008,missingindicator_az_004,1.0
missingindicator_ay_008,missingindicator_az_005,1.0
missingindicator_ay_008,missingindicator_az_006,1.0
missingindicator_ay_008,missingindicator_az_007,1.0
missingindicator_ay_008,missingindicator_az_008,1.0
missingindicator_ay_008,missingindicator_az_009,1.0
missingindicator_ay_008,missingindicator_ee_000,1.0
missingindicator_ay_007,missingindicator_az_000,1.0
missingindicator_ay_007,missingindicator_az_001,1.0
missingindicator_ay_007,missingindicator_az_002,1.0
missingindicator_ay_007,missingindicator_az_003,1.0
missingindicator_ay_007,missingindicator_az_004,1.0
missingindicator_ay_007,missingindicator_az_005,1.0
missingindicator_ay_007,missingindicator_az_006,1.0
missingindicator_ay_007,missingindicator_az_007,1.0
missingindicator_ay_007,missingindicator_az_008,1.0
missingindicator_ay_007,missingindicator_az_009,1.0
missingindicator_ay_007,missingindicator_ee_000,1.0
missingindicator_ay_007,missingindicator_ee_001,1.0
missingindicator_ay_007,missingindicator_ee_002,1.0
missingindicator_ay_007,missingindicator_ee_003,1.0
missingindicator_ay_007,missingindicator_ee_004,1.0
missingindicator_ay_007,missingindicator_ee_005,1.0
missingindicator_ay_006,missingindicator_az_009,1.0
missingindicator_ay_006,missingindicator_ee_000,1.0
missingindicator_ay_006,missingindicator_ee_001,1.0
missingindicator_ay_006,missingindicator_ee_002,1.0
missingindicator_ay_006,missingindicator_ee_003,1.0
missingindicator_ay_006,missingindicator_ee_004,1.0
missingindicator_ay_006,missingindicator_ee_005,1.0
missingindicator_ay_006,missingindicator_ee_006,1.0
missingindicator_ay_006,missingindicator_ee_007,1.0
missingindicator_ag_006,missingindicator_ag_007,1.0
missingindicator_ag_006,missingindicator_ag_008,1.0
missingindicator_ag_006,missingindicator_ag_009,1.0
missingindicator_ay_006,missingindicator_ee_008,1.0
missingindicator_ay_006,missingindicator_ee_009,1.0
missingindicator_ay_007,missingindicator_ay_008,1.0
missingindicator_ay_007,missingindicator_ay_009,1.0
missingindicator_ay_005,missingindicator_ee_006,1.0
missingindicator_ay_005,missingindicator_ee_007,1.0
missingindicator_ay_005,missingindicator_ee_008,1.0
missingindicator_ay_005,missingindicator_ee_009,1.0
missingindicator_ay_006,missingindicator_ay_007,1.0
missingindicator_ay_006,missingindicator_ay_008,1.0
missingindicator_ay_006,missingindicator_ay_009,1.0
missingindicator_ay_006,missingindicator_az_000,1.0
missingindicator_ay_006,missingindicator_az_001,1.0
missingindicator_ay_006,missingindicator_az_002,1.0
missingindicator_ay_006,missingindicator_az_003,1.0
missingindicator_ay_006,missingindicator_az_004,1.0
missingindicator_ay_006,missingindicator_az_005,1.0
missingindicator_ay_006,missingindicator_az_006,1.0
missingindicator_ay_006,missingindicator_az_007,1.0
missingindicator_ay_006,missingindicator_az_008,1.0
missingindicator_ay_005,missingindicator_az_000,1.0
missingindicator_ay_005,missingindicator_az_001,1.0
missingindicator_ay_005,missingindicator_az_002,1.0
missingindicator_ay_005,missingindicator_az_003,1.0
missingindicator_ay_005,missingindicator_az_004,1.0
missingindicator_ay_005,missingindicator_az_005,1.0
missingindicator_ay_005,missingindicator_az_006,1.0
missingindicator_ay_005,missingindicator_az_007,1.0
missingindicator_ay_005,missingindicator_az_008,1.0
missingindicator_ay_005,missingindicator_az_009,1.0
missingindicator_ay_005,missingindicator_ee_000,1.0
missingindicator_ay_005,missingindicator_ee_001,1.0
missingindicator_ay_005,missingindicator_ee_002,1.0
missingindicator_ay_005,missingindicator_ee_003,1.0
missingindicator_ay_005,missingindicator_ee_004,1.0
missingindicator_ay_005,missingindicator_ee_005,1.0
missingindicator_ay_004,missingindicator_ee_000,1.0
missingindicator_ay_004,missingindicator_ee_001,1.0
missingindicator_ay_004,missingindicator_ee_002,1.0
missingindicator_ag_007,missingindicator_ag_008,1.0
missingindicator_ag_007,missingindicator_ag_009,1.0
missingindicator_ay_004,missingindicator_ee_003,1.0
missingindicator_ay_004,missingindicator_ee_004,1.0
missingindicator_ay_004,missingindicator_ee_005,1.0
missingindicator_ay_004,missingindicator_ee_006,1.0
missingindicator_ay_004,missingindicator_ee_007,1.0
missingindicator_ay_004,missingindicator_ee_008,1.0
missingindicator_ay_004,missingindicator_ee_009,1.0
missingindicator_ay_005,missingindicator_ay_006,1.0
missingindicator_ay_005,missingindicator_ay_007,1.0
missingindicator_ay_005,missingindicator_ay_008,1.0
missingindicator_ay_005,missingindicator_ay_009,1.0
missingindicator_ay_003,missingindicator_ee_009,1.0
missingindicator_ay_004,missingindicator_ay_005,1.0
missingindicator_ay_004,missingindicator_ay_006,1.0
missingindicator_ay_004,missingindicator_ay_007,1.0
missingindicator_ay_004,missingindicator_ay_008,1.0
missingindicator_ay_004,missingindicator_ay_009,1.0
missingindicator_ay_004,missingindicator_az_000,1.0
missingindicator_ay_004,missingindicator_az_001,1.0
missingindicator_ay_004,missingindicator_az_002,1.0
missingindicator_ay_004,missingindicator_az_003,1.0
missingindicator_ay_004,missingindicator_az_004,1.0
missingindicator_ay_004,missingindicator_az_005,1.0
missingindicator_ay_004,missingindicator_az_006,1.0
missingindicator_ay_004,missingindicator_az_007,1.0
missingindicator_ay_004,missingindicator_az_008,1.0
missingindicator_ay_004,missingindicator_az_009,1.0
missingindicator_ay_003,missingindicator_az_003,1.0
missingindicator_ay_003,missingindicator_az_004,1.0
missingindicator_ay_003,missingindicator_az_005,1.0
missingindicator_ay_003,missingindicator_az_006,1.0
missingindicator_ay_003,missingindicator_az_007,1.0
missingindicator_ay_003,missingindicator_az_008,1.0
missingindicator_ay_003,missingindicator_az_009,1.0
missingindicator_ay_003,missingindicator_ee_000,1.0
missingindicator_ay_003,missingindicator_ee_001,1.0
missingindicator_ay_003,missingindicator_ee_002,1.0
missingindicator_ay_003,missingindicator_ee_003,1.0
missingindicator_ay_003,missingindicator_ee_004,1.0
missingindicator_ay_003,missingindicator_ee_005,1.0
missingindicator_ay_003,missingindicator_ee_006,1.0
missingindicator_ay_003,missingindicator_ee_007,1.0
missingindicator_ay_003,missingindicator_ee_008,1.0
missingindicator_ay_002,missingindicator_ee_003,1.0
missingindicator_ay_002,missingindicator_ee_004,1.0
missingindicator_ay_002,missingindicator_ee_005,1.0
missingindicator_ay_002,missingindicator_ee_006,1.0
missingindicator_ay_002,missingindicator_ee_007,1.0
missingindicator_ay_002,missingindicator_ee_008,1.0
missingindicator_ay_002,missingindicator_ee_009,1.0
missingindicator_ay_003,missingindicator_ay_004,1.0
missingindicator_ay_003,missingindicator_ay_005,1.0
missingindicator_ay_003,missingindicator_ay_006,1.0
missingindicator_ay_003,missingindicator_ay_007,1.0
missingindicator_ay_003,missingindicator_ay_008,1.0
missingindicator_ay_003,missingindicator_ay_009,1.0
missingindicator_ay_003,missingindicator_az_000,1.0
missingindicator_ay_003,missingindicator_az_001,1.0
missingindicator_ay_003,missingindicator_az_002,1.0
missingindicator_ay_002,missingindicator_ay_007,1.0
missingindicator_ay_002,missingindicator_ay_008,1.0
missingindicator_ay_002,missingindicator_ay_009,1.0
missingindicator_ay_002,missingindicator_az_000,1.0
missingindicator_ay_002,missingindicator_az_001,1.0
missingindicator_ay_002,missingindicator_az_002,1.0
missingindicator_ay_002,missingindicator_az_003,1.0
missingindicator_ay_002,missingindicator_az_004,1.0
missingindicator_ay_002,missingindicator_az_005,1.0
missingindicator_ay_002,missingindicator_az_006,1.0
missingindicator_ay_002,missingindicator_az_007,1.0
missingindicator_ay_002,missingindicator_az_008,1.0
missingindicator_ay_002,missingindicator_az_009,1.0
missingindicator_ay_002,missingindicator_ee_000,1.0
missingindicator_ay_002,missingindicator_ee_001,1.0
missingindicator_ay_002,missingindicator_ee_002,1.0
missingindicator_ay_001,missingindicator_az_009,1.0
missingindicator_ay_001,missingindicator_ee_000,1.0
missingindicator_ay_001,missingindicator_ee_001,1.0
missingindicator_ay_001,missingindicator_ee_002,1.0
missingindicator_ay_001,missingindicator_ee_003,1.0
missingindicator_ay_001,missingindicator_ee_004,1.0
missingindicator_ay_001,missingindicator_ee_005,1.0
missingindicator_ay_001,missingindicator_ee_006,1.0
missingindicator_ay_001,missingindicator_ee_007,1.0
missingindicator_ay_001,missingindicator_ee_008,1.0
missingindicator_ay_001,missingindicator_ee_009,1.0
missingindicator_ay_002,missingindicator_ay_003,1.0
missingindicator_ag_008,missingindicator_ag_009,1.0
missingindicator_ay_002,missingindicator_ay_004,1.0
missingindicator_ay_002,missingindicator_ay_005,1.0
missingindicator_ay_002,missingindicator_ay_006,1.0
missingindicator_ay_001,missingindicator_ay_003,1.0
missingindicator_ay_001,missingindicator_ay_004,1.0
missingindicator_ay_001,missingindicator_ay_005,1.0
missingindicator_ay_001,missingindicator_ay_006,1.0
missingindicator_ay_001,missingindicator_ay_007,1.0
missingindicator_ay_001,missingindicator_ay_008,1.0
missingindicator_ay_001,missingindicator_ay_009,1.0
missingindicator_ay_001,missingindicator_az_000,1.0
missingindicator_ay_001,missingindicator_az_001,1.0
missingindicator_ay_001,missingindicator_az_002,1.0
missingindicator_ay_001,missingindicator_az_003,1.0
missingindicator_ay_001,missingindicator_az_004,1.0
missingindicator_ay_001,missingindicator_az_005,1.0
missingindicator_ay_001,missingindicator_az_006,1.0
missingindicator_ay_001,missingindicator_az_007,1.0
missingindicator_ay_001,missingindicator_az_008,1.0
missingindicator_ay_000,missingindicator_az_005,1.0
missingindicator_ay_000,missingindicator_az_006,1.0
missingindicator_ay_000,missingindicator_az_007,1.0
missingindicator_ay_000,missingindicator_az_008,1.0
missingindicator_ay_000,missingindicator_az_009,1.0
missingindicator_ay_000,missingindicator_ee_000,1.0
missingindicator_ay_000,missingindicator_ee_001,1.0
missingindicator_ay_000,missingindicator_ee_002,1.0
missingindicator_ay_000,missingindicator_ee_003,1.0
missingindicator_ay_000,missingindicator_ee_004,1.0
missingindicator_ay_000,missingindicator_ee_005,1.0
missingindicator_ay_000,missingindicator_ee_006,1.0
missingindicator_ay_000,missingindicator_ee_007,1.0
missingindicator_ay_000,missingindicator_ee_008,1.0
missingindicator_ay_000,missingindicator_ee_009,1.0
missingindicator_ay_001,missingindicator_ay_002,1.0
missingindicator_as_000,missingindicator_au_000,1.0
missingindicator_at_000,missingindicator_au_000,1.0
missingindicator_ay_000,missingindicator_ay_001,1.0
missingindicator_ay_000,missingindicator_ay_002,1.0
missingindicator_ay_000,missingindicator_ay_003,1.0
missingindicator_ay_000,missingindicator_ay_004,1.0
missingindicator_ay_000,missingindicator_ay_005,1.0
missingindicator_ay_000,missingindicator_ay_006,1.0
missingindicator_ay_000,missingindicator_ay_007,1.0
missingindicator_ay_000,missingindicator_ay_008,1.0
missingindicator_ay_000,missingindicator_ay_009,1.0
missingindicator_ay_000,missingindicator_az_000,1.0
missingindicator_ay_000,missingindicator_az_001,1.0
missingindicator_ay_000,missingindicator_az_002,1.0
missingindicator_ay_000,missingindicator_az_003,1.0
missingindicator_ay_000,missingindicator_az_004,1.0
missingindicator_an_000,missingindicator_ap_000,1.0
missingindicator_an_000,missingindicator_bg_000,1.0
missingindicator_an_000,missingindicator_bh_000,1.0
missingindicator_ao_000,missingindicator_aq_000,1.0
missingindicator_ao_000,missingindicator_bi_000,1.0
missingindicator_ao_000,missingindicator_bj_000,1.0
missingindicator_ap_000,missingindicator_bg_000,1.0
missingindicator_ap_000,missingindicator_bh_000,1.0
missingindicator_aq_000,missingindicator_bi_000,1.0
missingindicator_aq_000,missingindicator_bj_000,1.0
missingindicator_ar_000,missingindicator_bz_000,1.0
missingindicator_ar_000,missingindicator_dx_000,1.0
missingindicator_ar_000,missingindicator_dz_000,1.0
missingindicator_ar_000,missingindicator_ea_000,1.0
missingindicator_ar_000,missingindicator_eg_000,1.0
missingindicator_as_000,missingindicator_at_000,1.0
missingindicator_ee_008,missingindicator_ee_009,1.0
missingindicator_ee_003,missingindicator_ee_006,1.0
missingindicator_ee_003,missingindicator_ee_007,1.0
missingindicator_ee_003,missingindicator_ee_008,1.0
missingindicator_ee_003,missingindicator_ee_009,1.0
missingindicator_ee_004,missingindicator_ee_005,1.0
missingindicator_ee_004,missingindicator_ee_006,1.0
missingindicator_ee_004,missingindicator_ee_007,1.0
missingindicator_ee_004,missingindicator_ee_008,1.0
missingindicator_ee_004,missingindicator_ee_009,1.0
missingindicator_ee_005,missingindicator_ee_006,1.0
missingindicator_ee_005,missingindicator_ee_007,1.0
missingindicator_ee_005,missingindicator_ee_008,1.0
missingindicator_ee_005,missingindicator_ee_009,1.0
missingindicator_ee_006,missingindicator_ee_007,1.0
missingindicator_ah_000,missingindicator_bb_000,1.0
missingindicator_ee_001,missingindicator_ee_008,1.0
missingindicator_ee_001,missingindicator_ee_009,1.0
missingindicator_ee_002,missingindicator_ee_003,1.0
missingindicator_ee_002,missingindicator_ee_004,1.0
missingindicator_ee_002,missingindicator_ee_005,1.0
missingindicator_ee_002,missingindicator_ee_006,1.0
missingindicator_ee_002,missingindicator_ee_007,1.0
missingindicator_ee_002,missingindicator_ee_008,1.0
missingindicator_ee_002,missingindicator_ee_009,1.0
missingindicator_ee_003,missingindicator_ee_004,1.0
missingindicator_ee_006,missingindicator_ee_008,1.0
missingindicator_ee_006,missingindicator_ee_009,1.0
missingindicator_ee_007,missingindicator_ee_008,1.0
missingindicator_ee_007,missingindicator_ee_009,1.0
bv_000,cq_000,0.9999999999987232
bu_000,cq_000,0.9999999999909166
bu_000,bv_000,0.9999999999896422
cf_000,co_000,0.9999999970506177
ad_000,cf_000,0.9999999966162131
ad_000,co_000,0.9999999945279716
missingindicator_dl_000,missingindicator_dm_000,0.9998663440669945
missingindicator_dh_000,missingindicator_dm_000,0.9998663440669945
missingindicator_dg_000,missingindicator_dm_000,0.9998663440669929
missingindicator_dg_000,missingindicator_eb_000,0.9998663131052394
missingindicator_dg_000,missingindicator_dj_000,0.9998663131052394
missingindicator_dh_000,missingindicator_dj_000,0.999866313105238
missingindicator_dh_000,missingindicator_eb_000,0.999866313105238
missingindicator_dl_000,missingindicator_eb_000,0.999866313105238
missingindicator_dj_000,missingindicator_dl_000,0.999866313105238
missingindicator_df_000,missingindicator_dj_000,0.9998663131052364
missingindicator_df_000,missingindicator_eb_000,0.9998663131052364
missingindicator_dg_000,missingindicator_dk_000,0.9998663131052336
missingindicator_di_000,missingindicator_dk_000,0.9998662821279465
missingindicator_di_000,missingindicator_dj_000,0.9998662821279407
missingindicator_di_000,missingindicator_eb_000,0.9998662821279407
missingindicator_dt_000,missingindicator_dv_000,0.999807903117472
missingindicator_dt_000,missingindicator_du_000,0.999807903117472
missingindicator_ds_000,missingindicator_du_000,0.999807903117472
missingindicator_ds_000,missingindicator_dv_000,0.999807903117472
missingindicator_dr_000,missingindicator_ds_000,0.999807903117472
missingindicator_dr_000,missingindicator_dt_000,0.999807903117472
missingindicator_dq_000,missingindicator_ds_000,0.9998079031174709
missingindicator_dq_000,missingindicator_dt_000,0.9998079031174709
missingindicator_dp_000,missingindicator_dt_000,0.9998079031174709
missingindicator_dp_000,missingindicator_ds_000,0.9998079031174709
missingindicator_bc_000,missingindicator_do_000,0.9998077688287006
missingindicator_dx_000,missingindicator_ef_000,0.9998077016102008
missingindicator_dz_000,missingindicator_ef_000,0.9998077016102008
missingindicator_dx_000,missingindicator_dy_000,0.9998077016102008
missingindicator_dy_000,missingindicator_ea_000,0.9998077016102008
missingindicator_ar_000,missingindicator_cp_000,0.9998077016102008
missingindicator_ar_000,missingindicator_ef_000,0.9998077016102008
missingindicator_bz_000,missingindicator_dy_000,0.9998077016102008
missingindicator_bz_000,missingindicator_ef_000,0.9998077016102008
missingindicator_cp_000,missingindicator_eg_000,0.9998077016102008
missingindicator_bz_000,missingindicator_cp_000,0.9998077016102008
missingindicator_cp_000,missingindicator_dx_000,0.9998077016102008
missingindicator_cp_000,missingindicator_dz_000,0.9998077016102008
missingindicator_dy_000,missingindicator_dz_000,0.9998077016102008
missingindicator_ea_000,missingindicator_ef_000,0.9998077016102008
missingindicator_ef_000,missingindicator_eg_000,0.9998077016102008
missingindicator_dy_000,missingindicator_eg_000,0.9998077016102008
missingindicator_ar_000,missingindicator_dy_000,0.9998077016102008
missingindicator_cp_000,missingindicator_ea_000,0.9998077016102008
missingindicator_ar_000,missingindicator_de_000,0.9998077016101999
missingindicator_bz_000,missingindicator_de_000,0.9998077016101999
missingindicator_de_000,missingindicator_eg_000,0.9998077016101999
missingindicator_de_000,missingindicator_dz_000,0.9998077016101999
missingindicator_de_000,missingindicator_ea_000,0.9998077016101999
missingindicator_de_000,missingindicator_dx_000,0.9998077016101999
missingindicator_av_000,missingindicator_ax_000,0.9997913660286388
missingindicator_dm_000,missingindicator_eb_000,0.999732675040268
missingindicator_dj_000,missingindicator_dm_000,0.999732675040268
missingindicator_dk_000,missingindicator_dm_000,0.9997326750402675
missingindicator_dg_000,missingindicator_dl_000,0.9997326393077551
missingindicator_dg_000,missingindicator_dh_000,0.9997326393077551
missingindicator_df_000,missingindicator_dl_000,0.9997326393077524
missingindicator_df_000,missingindicator_dh_000,0.9997326393077524
missingindicator_df_000,missingindicator_dg_000,0.999732639307751
missingindicator_dg_000,missingindicator_di_000,0.9997326131095036
missingindicator_di_000,missingindicator_dl_000,0.9997326131095021
missingindicator_dh_000,missingindicator_di_000,0.9997326131095021
missingindicator_df_000,missingindicator_di_000,0.9997326131095005
missingindicator_dk_000,missingindicator_eb_000,0.9997325773604395
missingindicator_dj_000,missingindicator_dk_000,0.9997325773604395
missingindicator_bc_000,missingindicator_bd_000,0.9996157760293597
missingindicator_dp_000,missingindicator_dv_000,0.9996157022128703
missingindicator_dp_000,missingindicator_du_000,0.9996157022128703
missingindicator_dq_000,missingindicator_dr_000,0.9996157022128703
missingindicator_dp_000,missingindicator_dr_000,0.9996157022128703
missingindicator_dq_000,missingindicator_dv_000,0.9996157022128703
missingindicator_dq_000,missingindicator_du_000,0.9996157022128703
missingindicator_do_000,missingindicator_dp_000,0.9996156417664125
missingindicator_do_000,missingindicator_dq_000,0.9996156417664125
missingindicator_do_000,missingindicator_du_000,0.9996156417664098
missingindicator_do_000,missingindicator_dv_000,0.9996156417664098
missingindicator_do_000,missingindicator_dr_000,0.9996156417664098
missingindicator_cp_000,missingindicator_de_000,0.999615433484915
missingindicator_de_000,missingindicator_dy_000,0.999615433484915
missingindicator_de_000,missingindicator_ef_000,0.999615433484915
missingindicator_df_000,missingindicator_dm_000,0.9995990143346595
missingindicator_di_000,missingindicator_dm_000,0.9995989929143382
missingindicator_dk_000,missingindicator_dl_000,0.9995989214411224
missingindicator_dh_000,missingindicator_dk_000,0.9995989214411224
missingindicator_df_000,missingindicator_dk_000,0.9995989214411181
missingindicator_ax_000,missingindicator_dd_000,0.9995830147761465
missingindicator_av_000,missingindicator_ce_000,0.9995828553369386
missingindicator_ae_000,missingindicator_bf_000,0.9995826086956511
missingindicator_af_000,missingindicator_bf_000,0.9995826086956511
missingindicator_av_000,missingindicator_bf_000,0.9995826086956476
missingindicator_bd_000,missingindicator_do_000,0.9994236187178948
missingindicator_do_000,missingindicator_dt_000,0.9994236187178853
missingindicator_do_000,missingindicator_ds_000,0.9994236187178853
missingindicator_bc_000,missingindicator_dq_000,0.9994234710592429
missingindicator_bc_000,missingindicator_dp_000,0.9994234710592429
missingindicator_bc_000,missingindicator_dr_000,0.9994234710592402
missingindicator_bc_000,missingindicator_dv_000,0.9994234710592402
missingindicator_bc_000,missingindicator_du_000,0.9994234710592402
missingindicator_bc_000,missingindicator_de_000,0.9994232695262024
missingindicator_ce_000,missingindicator_dd_000,0.9993745330326367
missingindicator_af_000,missingindicator_be_000,0.9993744678020795
missingindicator_ae_000,missingindicator_be_000,0.9993744678020795
missingindicator_av_000,missingindicator_dd_000,0.9993744678020722
missingindicator_ax_000,missingindicator_ce_000,0.9993742938864926
missingindicator_ax_000,missingindicator_bf_000,0.9993740545487008
missingindicator_bx_000,missingindicator_cc_000,0.999350556068547
missingindicator_ba_009,missingindicator_cn_005,0.9992645677811949
missingindicator_ba_009,missingindicator_cn_002,0.9992645677811949
missingindicator_ba_009,missingindicator_cn_003,0.9992645677811949
missingindicator_ba_009,missingindicator_cn_004,0.9992645677811949
missingindicator_ba_000,missingindicator_cn_004,0.9992645677811949
missingindicator_ba_000,missingindicator_cn_003,0.9992645677811949
missingindicator_ba_000,missingindicator_cn_002,0.9992645677811949
missingindicator_ba_000,missingindicator_cn_000,0.9992645677811949
missingindicator_ba_000,missingindicator_cn_001,0.9992645677811949
missingindicator_ba_009,missingindicator_cn_006,0.9992645677811949
missingindicator_ba_009,missingindicator_cn_007,0.9992645677811949
missingindicator_ba_009,missingindicator_cn_008,0.9992645677811949
missingindicator_ba_009,missingindicator_cn_009,0.9992645677811949
missingindicator_ba_002,missingindicator_cn_002,0.9992645677811949
missingindicator_ba_002,missingindicator_cn_003,0.9992645677811949
missingindicator_ba_002,missingindicator_cn_004,0.9992645677811949
missingindicator_ba_002,missingindicator_cn_005,0.9992645677811949
missingindicator_ba_002,missingindicator_cn_006,0.9992645677811949
missingindicator_ba_001,missingindicator_cn_000,0.9992645677811949
missingindicator_ba_001,missingindicator_cn_007,0.9992645677811949
missingindicator_ba_002,missingindicator_cn_009,0.9992645677811949
missingindicator_ba_001,missingindicator_cn_006,0.9992645677811949
missingindicator_ba_001,missingindicator_cn_005,0.9992645677811949
missingindicator_ba_001,missingindicator_cn_004,0.9992645677811949
missingindicator_ba_001,missingindicator_cn_003,0.9992645677811949
missingindicator_ba_001,missingindicator_cn_002,0.9992645677811949
missingindicator_ba_001,missingindicator_cn_001,0.9992645677811949
missingindicator_ba_002,missingindicator_cn_008,0.9992645677811949
missingindicator_ba_002,missingindicator_cn_001,0.9992645677811949
missingindicator_ba_002,missingindicator_cn_000,0.9992645677811949
missingindicator_ba_002,missingindicator_cn_007,0.9992645677811949
missingindicator_ba_000,missingindicator_cn_005,0.9992645677811949
missingindicator_ba_000,missingindicator_cn_007,0.9992645677811949
missingindicator_ba_000,missingindicator_cn_006,0.9992645677811949
missingindicator_ba_001,missingindicator_cn_009,0.9992645677811949
missingindicator_ba_001,missingindicator_cn_008,0.9992645677811949
missingindicator_ba_009,missingindicator_cn_001,0.9992645677811949
missingindicator_ba_006,missingindicator_cn_004,0.9992645677811949
missingindicator_ba_006,missingindicator_cn_007,0.9992645677811949
missingindicator_ba_006,missingindicator_cn_006,0.9992645677811949
missingindicator_ba_007,missingindicator_cn_000,0.9992645677811949
missingindicator_ba_006,missingindicator_cn_005,0.9992645677811949
missingindicator_ba_007,missingindicator_cn_001,0.9992645677811949
missingindicator_ba_006,missingindicator_cn_008,0.9992645677811949
missingindicator_ba_008,missingindicator_cn_005,0.9992645677811949
missingindicator_ba_008,missingindicator_cn_004,0.9992645677811949
missingindicator_ba_008,missingindicator_cn_003,0.9992645677811949
missingindicator_ba_008,missingindicator_cn_002,0.9992645677811949
missingindicator_ba_008,missingindicator_cn_001,0.9992645677811949
missingindicator_ba_008,missingindicator_cn_000,0.9992645677811949
missingindicator_ba_003,missingindicator_cn_009,0.9992645677811949
missingindicator_ba_003,missingindicator_cn_008,0.9992645677811949
missingindicator_ba_003,missingindicator_cn_007,0.9992645677811949
missingindicator_ba_003,missingindicator_cn_006,0.9992645677811949
missingindicator_ba_003,missingindicator_cn_005,0.9992645677811949
missingindicator_ba_003,missingindicator_cn_004,0.9992645677811949
missingindicator_ba_003,missingindicator_cn_003,0.9992645677811949
missingindicator_ba_003,missingindicator_cn_002,0.9992645677811949
missingindicator_ba_003,missingindicator_cn_001,0.9992645677811949
missingindicator_ba_003,missingindicator_cn_000,0.9992645677811949
missingindicator_ba_007,missingindicator_cn_009,0.9992645677811949
missingindicator_ba_007,missingindicator_cn_008,0.9992645677811949
missingindicator_ba_007,missingindicator_cn_007,0.9992645677811949
missingindicator_ba_007,missingindicator_cn_006,0.9992645677811949
missingindicator_ba_007,missingindicator_cn_005,0.9992645677811949
missingindicator_ba_007,missingindicator_cn_004,0.9992645677811949
missingindicator_ba_007,missingindicator_cn_003,0.9992645677811949
missingindicator_ba_007,missingindicator_cn_002,0.9992645677811949
missingindicator_ba_008,missingindicator_cn_006,0.9992645677811949
missingindicator_ba_008,missingindicator_cn_009,0.9992645677811949
missingindicator_ba_008,missingindicator_cn_008,0.9992645677811949
missingindicator_ba_008,missingindicator_cn_007,0.9992645677811949
missingindicator_ba_009,missingindicator_cn_000,0.9992645677811949
missingindicator_ba_006,missingindicator_cn_009,0.9992645677811949
missingindicator_ba_005,missingindicator_cn_005,0.9992645677811949
missingindicator_ba_005,missingindicator_cn_004,0.9992645677811949
missingindicator_ba_006,missingindicator_cn_003,0.9992645677811949
missingindicator_ba_006,missingindicator_cn_002,0.9992645677811949
missingindicator_ba_006,missingindicator_cn_001,0.9992645677811949
missingindicator_ba_006,missingindicator_cn_000,0.9992645677811949
missingindicator_ba_005,missingindicator_cn_009,0.9992645677811949
missingindicator_ba_005,missingindicator_cn_008,0.9992645677811949
missingindicator_ba_005,missingindicator_cn_007,0.9992645677811949
missingindicator_ba_005,missingindicator_cn_006,0.9992645677811949
missingindicator_ba_005,missingindicator_cn_001,0.9992645677811949
missingindicator_ba_005,missingindicator_cn_000,0.9992645677811949
missingindicator_ba_005,missingindicator_cn_003,0.9992645677811949
missingindicator_ba_005,missingindicator_cn_002,0.9992645677811949
missingindicator_ba_004,missingindicator_cn_006,0.9992645677811949
missingindicator_ba_004,missingindicator_cn_007,0.9992645677811949
missingindicator_ba_004,missingindicator_cn_008,0.9992645677811949
missingindicator_ba_004,missingindicator_cn_009,0.9992645677811949
missingindicator_ba_004,missingindicator_cn_002,0.9992645677811949
missingindicator_ba_004,missingindicator_cn_003,0.9992645677811949
missingindicator_ba_004,missingindicator_cn_004,0.9992645677811949
missingindicator_ba_004,missingindicator_cn_005,0.9992645677811949
missingindicator_ba_000,missingindicator_cn_009,0.9992645677811949
missingindicator_ba_004,missingindicator_cn_001,0.9992645677811949
missingindicator_ba_004,missingindicator_cn_000,0.9992645677811949
missingindicator_ba_000,missingindicator_cn_008,0.9992645677811949
missingindicator_bc_000,missingindicator_ds_000,0.9992314782163052
missingindicator_bc_000,missingindicator_dt_000,0.9992314782163052
missingindicator_ar_000,missingindicator_bc_000,0.9992309408636019
missingindicator_bc_000,missingindicator_ea_000,0.9992309408636019
missingindicator_bc_000,missingindicator_eg_000,0.9992309408636019
missingindicator_bc_000,missingindicator_dx_000,0.9992309408636019
missingindicator_bc_000,missingindicator_bz_000,0.9992309408636019
missingindicator_bc_000,missingindicator_dz_000,0.9992309408636019
missingindicator_de_000,missingindicator_do_000,0.9992308669698295
missingindicator_bf_000,missingindicator_ce_000,0.9991656236327334
missingindicator_ae_000,missingindicator_av_000,0.9991652173912988
missingindicator_af_000,missingindicator_av_000,0.9991652173912988
missingindicator_bd_000,missingindicator_dq_000,0.999039441770756
missingindicator_bd_000,missingindicator_dp_000,0.999039441770756
missingindicator_bd_000,missingindicator_dv_000,0.9990394417707491
missingindicator_bd_000,missingindicator_du_000,0.9990394417707491
missingindicator_bd_000,missingindicator_dr_000,0.9990394417707491
missingindicator_bd_000,missingindicator_de_000,0.9990392537274807
missingindicator_bc_000,missingindicator_cp_000,0.999038770223682
missingindicator_bc_000,missingindicator_dy_000,0.999038770223682
missingindicator_bc_000,missingindicator_ef_000,0.999038770223682
missingindicator_do_000,missingindicator_dz_000,0.9990384340794257
missingindicator_do_000,missingindicator_ea_000,0.9990384340794257
missingindicator_do_000,missingindicator_dx_000,0.9990384340794257
missingindicator_do_000,missingindicator_eg_000,0.9990384340794257
missingindicator_ar_000,missingindicator_do_000,0.9990384340794257
missingindicator_bz_000,missingindicator_do_000,0.9990384340794257
missingindicator_be_000,missingindicator_bf_000,0.9989573158249839
missingindicator_bf_000,missingindicator_dd_000,0.9989573158249688
missingindicator_ae_000,missingindicator_ax_000,0.9989567430687687
missingindicator_af_000,missingindicator_ax_000,0.9989567430687687
missingindicator_bd_000,missingindicator_ds_000,0.9988475092860521
missingindicator_bd_000,missingindicator_dt_000,0.9988475092860521
missingindicator_bd_000,missingindicator_ea_000,0.998846998959818
missingindicator_bd_000,missingindicator_bz_000,0.998846998959818
missingindicator_bd_000,missingindicator_dx_000,0.998846998959818
missingindicator_ar_000,missingindicator_bd_000,0.998846998959818
missingindicator_bd_000,missingindicator_eg_000,0.998846998959818
missingindicator_bd_000,missingindicator_dz_000,0.998846998959818
missingindicator_de_000,missingindicator_dp_000,0.998846777511157
missingindicator_de_000,missingindicator_dq_000,0.998846777511157
missingindicator_cp_000,missingindicator_dq_000,0.9988467775111539
missingindicator_dp_000,missingindicator_dy_000,0.9988467775111539
missingindicator_dq_000,missingindicator_dy_000,0.9988467775111539
missingindicator_dq_000,missingindicator_ef_000,0.9988467775111539
missingindicator_dp_000,missingindicator_ef_000,0.9988467775111539
missingindicator_cp_000,missingindicator_dp_000,0.9988467775111539
missingindicator_de_000,missingindicator_dr_000,0.9988467775111511
missingindicator_de_000,missingindicator_du_000,0.9988467775111511
missingindicator_de_000,missingindicator_dv_000,0.9988467775111511
missingindicator_cp_000,missingindicator_do_000,0.9988463004547441
missingindicator_do_000,missingindicator_dy_000,0.9988463004547441
missingindicator_do_000,missingindicator_ef_000,0.9988463004547441
aa_000,bt_000,0.9987741087714918
missingindicator_af_000,missingindicator_ce_000,0.9987483919285352
missingindicator_ae_000,missingindicator_ce_000,0.9987483919285352
missingindicator_bd_000,missingindicator_cp_000,0.9986548887370875
missingindicator_bd_000,missingindicator_ef_000,0.9986548887370875
missingindicator_bd_000,missingindicator_dy_000,0.9986548887370875
missingindicator_ds_000,missingindicator_ef_000,0.9986548887370845
missingindicator_ds_000,missingindicator_dy_000,0.9986548887370845
missingindicator_dt_000,missingindicator_ef_000,0.9986548887370845
missingindicator_dt_000,missingindicator_dy_000,0.9986548887370845
missingindicator_cp_000,missingindicator_dt_000,0.9986548887370843
missingindicator_cp_000,missingindicator_ds_000,0.9986548887370843
missingindicator_de_000,missingindicator_ds_000,0.9986548887370785
missingindicator_de_000,missingindicator_dt_000,0.9986548887370785
missingindicator_dq_000,missingindicator_eg_000,0.99865441857923
missingindicator_dq_000,missingindicator_ea_000,0.99865441857923
missingindicator_dq_000,missingindicator_dz_000,0.99865441857923
missingindicator_dp_000,missingindicator_dx_000,0.99865441857923
missingindicator_dp_000,missingindicator_dz_000,0.99865441857923
missingindicator_dp_000,missingindicator_ea_000,0.99865441857923
missingindicator_dp_000,missingindicator_eg_000,0.99865441857923
missingindicator_ar_000,missingindicator_dp_000,0.99865441857923
missingindicator_ar_000,missingindicator_dq_000,0.99865441857923
missingindicator_bz_000,missingindicator_dq_000,0.99865441857923
missingindicator_bz_000,missingindicator_dp_000,0.99865441857923
missingindicator_dq_000,missingindicator_dx_000,0.99865441857923
missingindicator_dv_000,missingindicator_dz_000,0.9986544185792242
missingindicator_dv_000,missingindicator_dx_000,0.9986544185792242
missingindicator_du_000,missingindicator_eg_000,0.9986544185792242
missingindicator_du_000,missingindicator_ea_000,0.9986544185792242
missingindicator_dr_000,missingindicator_dz_000,0.9986544185792242
missingindicator_du_000,missingindicator_dz_000,0.9986544185792242
missingindicator_du_000,missingindicator_dx_000,0.9986544185792242
missingindicator_dv_000,missingindicator_eg_000,0.9986544185792242
missingindicator_dr_000,missingindicator_ea_000,0.9986544185792242
missingindicator_dr_000,missingindicator_eg_000,0.9986544185792242
missingindicator_dr_000,missingindicator_dx_000,0.9986544185792242
missingindicator_dv_000,missingindicator_ea_000,0.9986544185792242
missingindicator_bz_000,missingindicator_dv_000,0.998654418579224
missingindicator_ar_000,missingindicator_dv_000,0.998654418579224
missingindicator_bz_000,missingindicator_du_000,0.998654418579224
missingindicator_ar_000,missingindicator_du_000,0.998654418579224
missingindicator_ar_000,missingindicator_dr_000,0.998654418579224
missingindicator_bz_000,missingindicator_dr_000,0.998654418579224
missingindicator_av_000,missingindicator_be_000,0.9985401638478814
missingindicator_af_000,missingindicator_dd_000,0.998540163847872
missingindicator_ae_000,missingindicator_dd_000,0.998540163847872
missingindicator_ay_000,missingindicator_cs_000,0.9984917452599417
missingindicator_ay_000,missingindicator_cs_009,0.9984917452599417
missingindicator_ay_000,missingindicator_cs_008,0.9984917452599417
missingindicator_ay_000,missingindicator_cs_007,0.9984917452599417
missingindicator_az_006,missingindicator_cs_005,0.9984917452599417
missingindicator_az_006,missingindicator_cs_004,0.9984917452599417
missingindicator_az_007,missingindicator_cs_000,0.9984917452599417
missingindicator_az_006,missingindicator_cs_002,0.9984917452599417
missingindicator_az_006,missingindicator_cs_001,0.9984917452599417
missingindicator_az_006,missingindicator_cs_000,0.9984917452599417
missingindicator_az_004,missingindicator_cs_001,0.9984917452599417
missingindicator_az_004,missingindicator_cs_000,0.9984917452599417
missingindicator_ay_005,missingindicator_cs_009,0.9984917452599417
missingindicator_ay_005,missingindicator_cs_008,0.9984917452599417
missingindicator_az_006,missingindicator_cs_003,0.9984917452599417
missingindicator_ay_006,missingindicator_cs_007,0.9984917452599417
missingindicator_ay_006,missingindicator_cs_006,0.9984917452599417
missingindicator_cs_000,missingindicator_ee_004,0.9984917452599417
missingindicator_cs_000,missingindicator_ee_003,0.9984917452599417
missingindicator_az_009,missingindicator_cs_001,0.9984917452599417
missingindicator_az_009,missingindicator_cs_000,0.9984917452599417
missingindicator_cs_000,missingindicator_ee_002,0.9984917452599417
missingindicator_cs_000,missingindicator_ee_001,0.9984917452599417
missingindicator_cs_009,missingindicator_ee_009,0.9984917452599417
missingindicator_ay_006,missingindicator_cs_004,0.9984917452599417
missingindicator_ay_006,missingindicator_cs_003,0.9984917452599417
missingindicator_ay_006,missingindicator_cs_002,0.9984917452599417
missingindicator_ay_006,missingindicator_cs_001,0.9984917452599417
missingindicator_ay_006,missingindicator_cs_000,0.9984917452599417
missingindicator_cs_000,missingindicator_ee_000,0.9984917452599417
missingindicator_ay_005,missingindicator_cs_007,0.9984917452599417
missingindicator_az_007,missingindicator_cs_001,0.9984917452599417
missingindicator_ay_006,missingindicator_cs_005,0.9984917452599417
missingindicator_cs_002,missingindicator_ee_006,0.9984917452599417
missingindicator_cs_002,missingindicator_ee_005,0.9984917452599417
missingindicator_cs_002,missingindicator_ee_004,0.9984917452599417
missingindicator_cs_002,missingindicator_ee_003,0.9984917452599417
missingindicator_cs_002,missingindicator_ee_002,0.9984917452599417
missingindicator_cs_002,missingindicator_ee_001,0.9984917452599417
missingindicator_cs_002,missingindicator_ee_000,0.9984917452599417
missingindicator_ay_005,missingindicator_cs_003,0.9984917452599417
missingindicator_ay_005,missingindicator_cs_005,0.9984917452599417
missingindicator_ay_005,missingindicator_cs_001,0.9984917452599417
missingindicator_ay_005,missingindicator_cs_000,0.9984917452599417
missingindicator_az_004,missingindicator_cs_009,0.9984917452599417
missingindicator_az_004,missingindicator_cs_008,0.9984917452599417
missingindicator_az_004,missingindicator_cs_007,0.9984917452599417
missingindicator_az_004,missingindicator_cs_006,0.9984917452599417
missingindicator_az_004,missingindicator_cs_005,0.9984917452599417
missingindicator_az_004,missingindicator_cs_004,0.9984917452599417
missingindicator_az_004,missingindicator_cs_003,0.9984917452599417
missingindicator_ay_005,missingindicator_cs_002,0.9984917452599417
missingindicator_ay_005,missingindicator_cs_006,0.9984917452599417
missingindicator_ay_006,missingindicator_cs_008,0.9984917452599417
missingindicator_ay_005,missingindicator_cs_004,0.9984917452599417
missingindicator_cs_001,missingindicator_ee_001,0.9984917452599417
missingindicator_cs_001,missingindicator_ee_000,0.9984917452599417
missingindicator_cs_000,missingindicator_ee_009,0.9984917452599417
missingindicator_cs_000,missingindicator_ee_008,0.9984917452599417
missingindicator_cs_000,missingindicator_ee_007,0.9984917452599417
missingindicator_cs_002,missingindicator_ee_007,0.9984917452599417
missingindicator_cs_000,missingindicator_ee_005,0.9984917452599417
missingindicator_cs_001,missingindicator_ee_009,0.9984917452599417
missingindicator_cs_001,missingindicator_ee_008,0.9984917452599417
missingindicator_cs_001,missingindicator_ee_007,0.9984917452599417
missingindicator_cs_001,missingindicator_ee_006,0.9984917452599417
missingindicator_cs_001,missingindicator_ee_005,0.9984917452599417
missingindicator_cs_001,missingindicator_ee_004,0.9984917452599417
missingindicator_cs_001,missingindicator_ee_003,0.9984917452599417
missingindicator_cs_001,missingindicator_ee_002,0.9984917452599417
missingindicator_cs_000,missingindicator_ee_006,0.9984917452599417
missingindicator_ay_009,missingindicator_cs_009,0.9984917452599417
missingindicator_az_000,missingindicator_cs_001,0.9984917452599417
missingindicator_az_000,missingindicator_cs_000,0.9984917452599417
missingindicator_az_000,missingindicator_cs_009,0.9984917452599417
missingindicator_az_000,missingindicator_cs_008,0.9984917452599417
missingindicator_az_000,missingindicator_cs_007,0.9984917452599417
missingindicator_az_000,missingindicator_cs_006,0.9984917452599417
missingindicator_az_000,missingindicator_cs_005,0.9984917452599417
missingindicator_az_003,missingindicator_cs_000,0.9984917452599417
missingindicator_az_001,missingindicator_cs_005,0.9984917452599417
missingindicator_az_001,missingindicator_cs_001,0.9984917452599417
missingindicator_az_002,missingindicator_cs_006,0.9984917452599417
missingindicator_az_002,missingindicator_cs_005,0.9984917452599417
missingindicator_az_002,missingindicator_cs_004,0.9984917452599417
missingindicator_az_002,missingindicator_cs_003,0.9984917452599417
missingindicator_ay_007,missingindicator_cs_009,0.9984917452599417
missingindicator_ay_007,missingindicator_cs_008,0.9984917452599417
missingindicator_ay_007,missingindicator_cs_007,0.9984917452599417
missingindicator_az_001,missingindicator_cs_006,0.9984917452599417
missingindicator_ay_009,missingindicator_cs_007,0.9984917452599417
missingindicator_ay_009,missingindicator_cs_006,0.9984917452599417
missingindicator_ay_009,missingindicator_cs_005,0.9984917452599417
missingindicator_ay_009,missingindicator_cs_004,0.9984917452599417
missingindicator_ay_009,missingindicator_cs_003,0.9984917452599417
missingindicator_ay_009,missingindicator_cs_002,0.9984917452599417
missingindicator_ay_009,missingindicator_cs_001,0.9984917452599417
missingindicator_ay_009,missingindicator_cs_000,0.9984917452599417
missingindicator_ay_001,missingindicator_cs_007,0.9984917452599417
missingindicator_ay_001,missingindicator_cs_005,0.9984917452599417
missingindicator_az_009,missingindicator_cs_004,0.9984917452599417
missingindicator_ay_008,missingindicator_cs_009,0.9984917452599417
missingindicator_ay_008,missingindicator_cs_008,0.9984917452599417
missingindicator_ay_008,missingindicator_cs_007,0.9984917452599417
missingindicator_az_001,missingindicator_cs_003,0.9984917452599417
missingindicator_ay_008,missingindicator_cs_006,0.9984917452599417
missingindicator_az_002,missingindicator_cs_008,0.9984917452599417
missingindicator_az_002,missingindicator_cs_007,0.9984917452599417
missingindicator_az_009,missingindicator_cs_005,0.9984917452599417
missingindicator_az_006,missingindicator_cs_009,0.9984917452599417
missingindicator_az_006,missingindicator_cs_008,0.9984917452599417
missingindicator_az_006,missingindicator_cs_007,0.9984917452599417
missingindicator_az_006,missingindicator_cs_006,0.9984917452599417
missingindicator_ay_001,missingindicator_cs_004,0.9984917452599417
missingindicator_ay_001,missingindicator_cs_003,0.9984917452599417
missingindicator_ay_001,missingindicator_cs_002,0.9984917452599417
missingindicator_ay_001,missingindicator_cs_001,0.9984917452599417
missingindicator_ay_007,missingindicator_cs_006,0.9984917452599417
missingindicator_ay_001,missingindicator_cs_008,0.9984917452599417
missingindicator_az_003,missingindicator_cs_006,0.9984917452599417
missingindicator_az_003,missingindicator_cs_005,0.9984917452599417
missingindicator_az_003,missingindicator_cs_004,0.9984917452599417
missingindicator_az_003,missingindicator_cs_003,0.9984917452599417
missingindicator_az_003,missingindicator_cs_002,0.9984917452599417
missingindicator_az_003,missingindicator_cs_001,0.9984917452599417
missingindicator_az_004,missingindicator_cs_002,0.9984917452599417
missingindicator_ay_006,missingindicator_cs_009,0.9984917452599417
missingindicator_ay_001,missingindicator_cs_000,0.9984917452599417
missingindicator_ay_007,missingindicator_cs_005,0.9984917452599417
missingindicator_ay_007,missingindicator_cs_004,0.9984917452599417
missingindicator_ay_007,missingindicator_cs_003,0.9984917452599417
missingindicator_ay_007,missingindicator_cs_002,0.9984917452599417
missingindicator_ay_007,missingindicator_cs_001,0.9984917452599417
missingindicator_ay_007,missingindicator_cs_000,0.9984917452599417
missingindicator_az_002,missingindicator_cs_002,0.9984917452599417
missingindicator_az_002,missingindicator_cs_001,0.9984917452599417
missingindicator_az_007,missingindicator_cs_002,0.9984917452599417
missingindicator_az_002,missingindicator_cs_009,0.9984917452599417
missingindicator_az_003,missingindicator_cs_009,0.9984917452599417
missingindicator_az_003,missingindicator_cs_008,0.9984917452599417
missingindicator_az_003,missingindicator_cs_007,0.9984917452599417
missingindicator_az_007,missingindicator_cs_007,0.9984917452599417
missingindicator_az_007,missingindicator_cs_006,0.9984917452599417
missingindicator_az_007,missingindicator_cs_005,0.9984917452599417
missingindicator_az_007,missingindicator_cs_004,0.9984917452599417
missingindicator_az_007,missingindicator_cs_003,0.9984917452599417
missingindicator_az_002,missingindicator_cs_000,0.9984917452599417
missingindicator_ay_003,missingindicator_cs_008,0.9984917452599417
missingindicator_cs_007,missingindicator_ee_000,0.9984917452599417
missingindicator_cs_006,missingindicator_ee_009,0.9984917452599417
missingindicator_cs_006,missingindicator_ee_008,0.9984917452599417
missingindicator_cs_006,missingindicator_ee_007,0.9984917452599417
missingindicator_ay_003,missingindicator_cs_003,0.9984917452599417
missingindicator_ay_003,missingindicator_cs_002,0.9984917452599417
missingindicator_ay_003,missingindicator_cs_001,0.9984917452599417
missingindicator_ay_004,missingindicator_cs_008,0.9984917452599417
missingindicator_cs_006,missingindicator_ee_006,0.9984917452599417
missingindicator_cs_006,missingindicator_ee_005,0.9984917452599417
missingindicator_cs_006,missingindicator_ee_004,0.9984917452599417
missingindicator_cs_006,missingindicator_ee_003,0.9984917452599417
missingindicator_cs_006,missingindicator_ee_002,0.9984917452599417
missingindicator_cs_006,missingindicator_ee_001,0.9984917452599417
missingindicator_cs_008,missingindicator_ee_002,0.9984917452599417
missingindicator_cs_008,missingindicator_ee_001,0.9984917452599417
missingindicator_cs_008,missingindicator_ee_000,0.9984917452599417
missingindicator_ay_003,missingindicator_cs_000,0.9984917452599417
missingindicator_az_008,missingindicator_cs_002,0.9984917452599417
missingindicator_az_008,missingindicator_cs_001,0.9984917452599417
missingindicator_az_008,missingindicator_cs_000,0.9984917452599417
missingindicator_az_005,missingindicator_cs_005,0.9984917452599417
missingindicator_ay_003,missingindicator_cs_007,0.9984917452599417
missingindicator_ay_003,missingindicator_cs_006,0.9984917452599417
missingindicator_ay_003,missingindicator_cs_005,0.9984917452599417
missingindicator_ay_003,missingindicator_cs_004,0.9984917452599417
missingindicator_ay_003,missingindicator_cs_009,0.9984917452599417
missingindicator_cs_005,missingindicator_ee_009,0.9984917452599417
missingindicator_cs_005,missingindicator_ee_008,0.9984917452599417
missingindicator_cs_005,missingindicator_ee_007,0.9984917452599417
missingindicator_cs_005,missingindicator_ee_006,0.9984917452599417
missingindicator_cs_005,missingindicator_ee_005,0.9984917452599417
missingindicator_cs_005,missingindicator_ee_004,0.9984917452599417
missingindicator_cs_005,missingindicator_ee_003,0.9984917452599417
missingindicator_cs_005,missingindicator_ee_002,0.9984917452599417
missingindicator_cs_005,missingindicator_ee_001,0.9984917452599417
missingindicator_cs_006,missingindicator_ee_000,0.9984917452599417
missingindicator_az_000,missingindicator_cs_003,0.9984917452599417
missingindicator_ay_008,missingindicator_cs_005,0.9984917452599417
missingindicator_ay_008,missingindicator_cs_004,0.9984917452599417
missingindicator_ay_008,missingindicator_cs_003,0.9984917452599417
missingindicator_ay_008,missingindicator_cs_002,0.9984917452599417
missingindicator_ay_008,missingindicator_cs_001,0.9984917452599417
missingindicator_az_000,missingindicator_cs_002,0.9984917452599417
missingindicator_ay_001,missingindicator_cs_006,0.9984917452599417
missingindicator_cs_007,missingindicator_ee_009,0.9984917452599417
missingindicator_cs_009,missingindicator_ee_004,0.9984917452599417
missingindicator_cs_009,missingindicator_ee_003,0.9984917452599417
missingindicator_az_009,missingindicator_cs_002,0.9984917452599417
missingindicator_az_009,missingindicator_cs_003,0.9984917452599417
missingindicator_az_001,missingindicator_cs_000,0.9984917452599417
missingindicator_az_001,missingindicator_cs_007,0.9984917452599417
missingindicator_az_001,missingindicator_cs_009,0.9984917452599417
missingindicator_az_001,missingindicator_cs_004,0.9984917452599417
missingindicator_ay_009,missingindicator_cs_008,0.9984917452599417
missingindicator_cs_009,missingindicator_ee_005,0.9984917452599417
missingindicator_cs_007,missingindicator_ee_008,0.9984917452599417
missingindicator_cs_007,missingindicator_ee_007,0.9984917452599417
missingindicator_cs_007,missingindicator_ee_006,0.9984917452599417
missingindicator_cs_007,missingindicator_ee_005,0.9984917452599417
missingindicator_cs_007,missingindicator_ee_004,0.9984917452599417
missingindicator_cs_007,missingindicator_ee_003,0.9984917452599417
missingindicator_cs_007,missingindicator_ee_002,0.9984917452599417
missingindicator_cs_007,missingindicator_ee_001,0.9984917452599417
missingindicator_az_000,missingindicator_cs_004,0.9984917452599417
missingindicator_cs_009,missingindicator_ee_002,0.9984917452599417
missingindicator_cs_009,missingindicator_ee_001,0.9984917452599417
missingindicator_cs_009,missingindicator_ee_000,0.9984917452599417
missingindicator_az_001,missingindicator_cs_008,0.9984917452599417
missingindicator_az_009,missingindicator_cs_009,0.9984917452599417
missingindicator_az_009,missingindicator_cs_008,0.9984917452599417
missingindicator_az_009,missingindicator_cs_007,0.9984917452599417
missingindicator_az_009,missingindicator_cs_006,0.9984917452599417
missingindicator_az_001,missingindicator_cs_002,0.9984917452599417
missingindicator_az_005,missingindicator_cs_004,0.9984917452599417
missingindicator_cs_009,missingindicator_ee_007,0.9984917452599417
missingindicator_cs_009,missingindicator_ee_006,0.9984917452599417
missingindicator_ay_004,missingindicator_cs_004,0.9984917452599417
missingindicator_ay_004,missingindicator_cs_003,0.9984917452599417
missingindicator_ay_004,missingindicator_cs_002,0.9984917452599417
missingindicator_ay_004,missingindicator_cs_001,0.9984917452599417
missingindicator_ay_004,missingindicator_cs_000,0.9984917452599417
missingindicator_az_005,missingindicator_cs_003,0.9984917452599417
missingindicator_az_008,missingindicator_cs_003,0.9984917452599417
missingindicator_az_005,missingindicator_cs_001,0.9984917452599417
missingindicator_az_005,missingindicator_cs_000,0.9984917452599417
missingindicator_cs_003,missingindicator_ee_009,0.9984917452599417
missingindicator_cs_003,missingindicator_ee_008,0.9984917452599417
missingindicator_az_008,missingindicator_cs_009,0.9984917452599417
missingindicator_az_008,missingindicator_cs_008,0.9984917452599417
missingindicator_az_008,missingindicator_cs_007,0.9984917452599417
missingindicator_az_008,missingindicator_cs_006,0.9984917452599417
missingindicator_az_008,missingindicator_cs_005,0.9984917452599417
missingindicator_az_005,missingindicator_cs_002,0.9984917452599417
missingindicator_ay_004,missingindicator_cs_009,0.9984917452599417
missingindicator_ay_008,missingindicator_cs_000,0.9984917452599417
missingindicator_ay_004,missingindicator_cs_007,0.9984917452599417
missingindicator_ay_004,missingindicator_cs_006,0.9984917452599417
missingindicator_ay_004,missingindicator_cs_005,0.9984917452599417
missingindicator_cs_008,missingindicator_ee_009,0.9984917452599417
missingindicator_cs_008,missingindicator_ee_008,0.9984917452599417
missingindicator_ay_000,missingindicator_cs_006,0.9984917452599417
missingindicator_cs_009,missingindicator_ee_008,0.9984917452599417
missingindicator_ay_000,missingindicator_cs_004,0.9984917452599417
missingindicator_ay_000,missingindicator_cs_003,0.9984917452599417
missingindicator_ay_000,missingindicator_cs_002,0.9984917452599417
missingindicator_ay_000,missingindicator_cs_001,0.9984917452599417
missingindicator_cs_008,missingindicator_ee_007,0.9984917452599417
missingindicator_cs_008,missingindicator_ee_006,0.9984917452599417
missingindicator_cs_008,missingindicator_ee_005,0.9984917452599417
missingindicator_cs_008,missingindicator_ee_004,0.9984917452599417
missingindicator_cs_008,missingindicator_ee_003,0.9984917452599417
missingindicator_ay_000,missingindicator_cs_005,0.9984917452599417
missingindicator_cs_002,missingindicator_ee_008,0.9984917452599417
missingindicator_cs_005,missingindicator_ee_000,0.9984917452599417
missingindicator_cs_004,missingindicator_ee_009,0.9984917452599417
missingindicator_cs_004,missingindicator_ee_008,0.9984917452599417
missingindicator_cs_004,missingindicator_ee_007,0.9984917452599417
missingindicator_cs_004,missingindicator_ee_006,0.9984917452599417
missingindicator_cs_004,missingindicator_ee_005,0.9984917452599417
missingindicator_cs_004,missingindicator_ee_004,0.9984917452599417
missingindicator_az_008,missingindicator_cs_004,0.9984917452599417
missingindicator_cs_004,missingindicator_ee_002,0.9984917452599417
missingindicator_cs_004,missingindicator_ee_001,0.9984917452599417
missingindicator_cs_004,missingindicator_ee_000,0.9984917452599417
missingindicator_az_005,missingindicator_cs_009,0.9984917452599417
missingindicator_az_005,missingindicator_cs_008,0.9984917452599417
missingindicator_az_005,missingindicator_cs_007,0.9984917452599417
missingindicator_az_005,missingindicator_cs_006,0.9984917452599417
missingindicator_az_007,missingindicator_cs_009,0.9984917452599417
missingindicator_az_007,missingindicator_cs_008,0.9984917452599417
missingindicator_cs_004,missingindicator_ee_003,0.9984917452599417
missingindicator_cs_003,missingindicator_ee_007,0.9984917452599417
missingindicator_cs_003,missingindicator_ee_006,0.9984917452599417
missingindicator_cs_003,missingindicator_ee_005,0.9984917452599417
missingindicator_cs_003,missingindicator_ee_004,0.9984917452599417
missingindicator_cs_003,missingindicator_ee_003,0.9984917452599417
missingindicator_cs_003,missingindicator_ee_002,0.9984917452599417
missingindicator_cs_003,missingindicator_ee_001,0.9984917452599417
missingindicator_ay_002,missingindicator_cs_009,0.9984917452599417
missingindicator_ay_002,missingindicator_cs_008,0.9984917452599417
missingindicator_cs_002,missingindicator_ee_009,0.9984917452599417
missingindicator_ay_002,missingindicator_cs_006,0.9984917452599417
missingindicator_ay_002,missingindicator_cs_005,0.9984917452599417
missingindicator_ay_002,missingindicator_cs_004,0.9984917452599417
missingindicator_ay_002,missingindicator_cs_003,0.9984917452599417
missingindicator_ay_002,missingindicator_cs_002,0.9984917452599417
missingindicator_ay_002,missingindicator_cs_001,0.9984917452599417
missingindicator_ay_002,missingindicator_cs_000,0.9984917452599417
missingindicator_ay_001,missingindicator_cs_009,0.9984917452599417
missingindicator_cs_003,missingindicator_ee_000,0.9984917452599417
missingindicator_ay_002,missingindicator_cs_007,0.9984917452599417
missingindicator_ag_009,missingindicator_cs_009,0.998491745259938
missingindicator_ag_002,missingindicator_cs_006,0.998491745259938
missingindicator_ag_009,missingindicator_cs_000,0.998491745259938
missingindicator_ag_002,missingindicator_cs_009,0.998491745259938
missingindicator_ag_002,missingindicator_cs_008,0.998491745259938
missingindicator_ag_002,missingindicator_cs_007,0.998491745259938
missingindicator_ag_009,missingindicator_cs_002,0.998491745259938
missingindicator_ag_009,missingindicator_cs_001,0.998491745259938
missingindicator_ag_007,missingindicator_cs_009,0.998491745259938
missingindicator_ag_007,missingindicator_cs_008,0.998491745259938
missingindicator_ag_007,missingindicator_cs_007,0.998491745259938
missingindicator_ag_007,missingindicator_cs_006,0.998491745259938
missingindicator_ag_007,missingindicator_cs_005,0.998491745259938
missingindicator_ag_007,missingindicator_cs_004,0.998491745259938
missingindicator_ag_007,missingindicator_cs_003,0.998491745259938
missingindicator_ag_007,missingindicator_cs_002,0.998491745259938
missingindicator_ag_007,missingindicator_cs_001,0.998491745259938
missingindicator_ag_007,missingindicator_cs_000,0.998491745259938
missingindicator_ag_006,missingindicator_cs_006,0.998491745259938
missingindicator_ag_006,missingindicator_cs_005,0.998491745259938
missingindicator_ag_006,missingindicator_cs_004,0.998491745259938
missingindicator_ag_006,missingindicator_cs_003,0.998491745259938
missingindicator_ag_006,missingindicator_cs_002,0.998491745259938
missingindicator_ag_006,missingindicator_cs_001,0.998491745259938
missingindicator_ag_006,missingindicator_cs_000,0.998491745259938
missingindicator_ag_000,missingindicator_cs_009,0.998491745259938
missingindicator_ag_000,missingindicator_cs_008,0.998491745259938
missingindicator_ag_000,missingindicator_cs_007,0.998491745259938
missingindicator_ag_000,missingindicator_cs_006,0.998491745259938
missingindicator_ag_000,missingindicator_cs_005,0.998491745259938
missingindicator_ag_000,missingindicator_cs_004,0.998491745259938
missingindicator_ag_000,missingindicator_cs_003,0.998491745259938
missingindicator_ag_006,missingindicator_cs_009,0.998491745259938
missingindicator_ag_006,missingindicator_cs_008,0.998491745259938
missingindicator_ag_003,missingindicator_cs_006,0.998491745259938
missingindicator_ag_003,missingindicator_cs_005,0.998491745259938
missingindicator_ag_003,missingindicator_cs_004,0.998491745259938
missingindicator_ag_003,missingindicator_cs_003,0.998491745259938
missingindicator_ag_003,missingindicator_cs_002,0.998491745259938
missingindicator_ag_003,missingindicator_cs_001,0.998491745259938
missingindicator_ag_003,missingindicator_cs_000,0.998491745259938
missingindicator_ag_004,missingindicator_cs_009,0.998491745259938
missingindicator_ag_004,missingindicator_cs_008,0.998491745259938
missingindicator_ag_004,missingindicator_cs_007,0.998491745259938
missingindicator_ag_006,missingindicator_cs_007,0.998491745259938
missingindicator_ag_003,missingindicator_cs_007,0.998491745259938
missingindicator_ag_000,missingindicator_cs_000,0.998491745259938
missingindicator_ag_003,missingindicator_cs_009,0.998491745259938
missingindicator_ag_003,missingindicator_cs_008,0.998491745259938
missingindicator_ag_005,missingindicator_cs_009,0.998491745259938
missingindicator_ag_005,missingindicator_cs_008,0.998491745259938
missingindicator_ag_005,missingindicator_cs_007,0.998491745259938
missingindicator_ag_000,missingindicator_cs_002,0.998491745259938
missingindicator_ag_000,missingindicator_cs_001,0.998491745259938
missingindicator_ag_001,missingindicator_cs_008,0.998491745259938
missingindicator_ag_001,missingindicator_cs_007,0.998491745259938
missingindicator_ag_001,missingindicator_cs_006,0.998491745259938
missingindicator_ag_001,missingindicator_cs_005,0.998491745259938
missingindicator_ag_001,missingindicator_cs_004,0.998491745259938
missingindicator_ag_001,missingindicator_cs_003,0.998491745259938
missingindicator_ag_001,missingindicator_cs_002,0.998491745259938
missingindicator_ag_001,missingindicator_cs_001,0.998491745259938
missingindicator_ag_001,missingindicator_cs_000,0.998491745259938
missingindicator_ag_005,missingindicator_cs_005,0.998491745259938
missingindicator_ag_005,missingindicator_cs_004,0.998491745259938
missingindicator_ag_005,missingindicator_cs_003,0.998491745259938
missingindicator_ag_005,missingindicator_cs_002,0.998491745259938
missingindicator_ag_005,missingindicator_cs_001,0.998491745259938
missingindicator_ag_005,missingindicator_cs_000,0.998491745259938
missingindicator_ag_001,missingindicator_cs_009,0.998491745259938
missingindicator_ag_008,missingindicator_cs_009,0.998491745259938
missingindicator_ag_008,missingindicator_cs_008,0.998491745259938
missingindicator_ag_008,missingindicator_cs_007,0.998491745259938
missingindicator_ag_008,missingindicator_cs_006,0.998491745259938
missingindicator_ag_005,missingindicator_cs_006,0.998491745259938
missingindicator_ag_008,missingindicator_cs_005,0.998491745259938
missingindicator_ag_008,missingindicator_cs_004,0.998491745259938
missingindicator_ag_008,missingindicator_cs_003,0.998491745259938
missingindicator_ag_008,missingindicator_cs_002,0.998491745259938
missingindicator_ag_008,missingindicator_cs_001,0.998491745259938
missingindicator_ag_008,missingindicator_cs_000,0.998491745259938
missingindicator_ag_004,missingindicator_cs_004,0.998491745259938
missingindicator_ag_004,missingindicator_cs_003,0.998491745259938
missingindicator_ag_004,missingindicator_cs_002,0.998491745259938
missingindicator_ag_004,missingindicator_cs_001,0.998491745259938
missingindicator_ag_004,missingindicator_cs_000,0.998491745259938
missingindicator_ag_004,missingindicator_cs_006,0.998491745259938
missingindicator_ag_004,missingindicator_cs_005,0.998491745259938
missingindicator_ag_002,missingindicator_cs_005,0.998491745259938
missingindicator_ag_002,missingindicator_cs_004,0.998491745259938
missingindicator_ag_002,missingindicator_cs_003,0.998491745259938
missingindicator_ag_002,missingindicator_cs_002,0.998491745259938
missingindicator_ag_009,missingindicator_cs_008,0.998491745259938
missingindicator_ag_009,missingindicator_cs_007,0.998491745259938
missingindicator_ag_009,missingindicator_cs_006,0.998491745259938
missingindicator_ag_009,missingindicator_cs_005,0.998491745259938
missingindicator_ag_009,missingindicator_cs_004,0.998491745259938
missingindicator_ag_009,missingindicator_cs_003,0.998491745259938
missingindicator_ag_002,missingindicator_cs_001,0.998491745259938
missingindicator_ag_002,missingindicator_cs_000,0.998491745259938
missingindicator_ds_000,missingindicator_dx_000,0.9984625667543561
missingindicator_dt_000,missingindicator_dz_000,0.9984625667543561
missingindicator_ds_000,missingindicator_dz_000,0.9984625667543561
missingindicator_dt_000,missingindicator_dx_000,0.9984625667543561
missingindicator_ds_000,missingindicator_ea_000,0.9984625667543561
missingindicator_ds_000,missingindicator_eg_000,0.9984625667543561
missingindicator_dt_000,missingindicator_ea_000,0.9984625667543561
missingindicator_dt_000,missingindicator_eg_000,0.9984625667543561
missingindicator_bz_000,missingindicator_ds_000,0.998462566754356
missingindicator_bz_000,missingindicator_dt_000,0.998462566754356
missingindicator_ar_000,missingindicator_ds_000,0.998462566754356
missingindicator_ar_000,missingindicator_dt_000,0.998462566754356
missingindicator_du_000,missingindicator_dy_000,0.9984623453835217
missingindicator_dv_000,missingindicator_ef_000,0.9984623453835217
missingindicator_dr_000,missingindicator_dy_000,0.9984623453835217
missingindicator_dr_000,missingindicator_ef_000,0.9984623453835217
missingindicator_dv_000,missingindicator_dy_000,0.9984623453835217
missingindicator_du_000,missingindicator_ef_000,0.9984623453835217
missingindicator_cp_000,missingindicator_dr_000,0.9984623453835216
missingindicator_cp_000,missingindicator_du_000,0.9984623453835216
missingindicator_cp_000,missingindicator_dv_000,0.9984623453835216
missingindicator_be_000,missingindicator_dd_000,0.9983323488516935
missingindicator_ax_000,missingindicator_be_000,0.9983317981807849
missingindicator_be_000,missingindicator_ce_000,0.9981235556272544
ah_000,bg_000,0.9977448921173773
missingindicator_ag_005,missingindicator_az_002,0.9969856637413944
missingindicator_ag_005,missingindicator_az_003,0.9969856637413944
missingindicator_ag_005,missingindicator_az_004,0.9969856637413944
missingindicator_ag_004,missingindicator_ee_000,0.9969856637413944
missingindicator_ag_004,missingindicator_ee_001,0.9969856637413944
missingindicator_ag_000,missingindicator_az_007,0.9969856637413944
missingindicator_ag_000,missingindicator_az_008,0.9969856637413944
missingindicator_ag_000,missingindicator_az_009,0.9969856637413944
missingindicator_ag_006,missingindicator_az_009,0.9969856637413944
missingindicator_ag_000,missingindicator_ay_009,0.9969856637413944
missingindicator_ag_000,missingindicator_az_002,0.9969856637413944
missingindicator_ag_000,missingindicator_az_000,0.9969856637413944
missingindicator_ag_005,missingindicator_az_001,0.9969856637413944
missingindicator_ag_005,missingindicator_ay_005,0.9969856637413944
missingindicator_ag_005,missingindicator_ay_004,0.9969856637413944
missingindicator_ag_005,missingindicator_ay_003,0.9969856637413944
missingindicator_ag_005,missingindicator_ay_002,0.9969856637413944
missingindicator_ag_005,missingindicator_ay_001,0.9969856637413944
missingindicator_ag_005,missingindicator_ay_000,0.9969856637413944
missingindicator_ag_000,missingindicator_ee_002,0.9969856637413944
missingindicator_ag_006,missingindicator_ee_008,0.9969856637413944
missingindicator_ag_006,missingindicator_ee_007,0.9969856637413944
missingindicator_ag_006,missingindicator_ee_006,0.9969856637413944
missingindicator_ag_000,missingindicator_ee_001,0.9969856637413944
missingindicator_ag_000,missingindicator_ee_000,0.9969856637413944
missingindicator_ag_008,missingindicator_ee_003,0.9969856637413944
missingindicator_ag_000,missingindicator_az_001,0.9969856637413944
missingindicator_ag_005,missingindicator_ee_003,0.9969856637413944
missingindicator_ag_005,missingindicator_ee_004,0.9969856637413944
missingindicator_ag_000,missingindicator_az_006,0.9969856637413944
missingindicator_ag_005,missingindicator_ee_005,0.9969856637413944
missingindicator_ag_005,missingindicator_ee_006,0.9969856637413944
missingindicator_ag_005,missingindicator_ee_007,0.9969856637413944
missingindicator_ag_005,missingindicator_ee_008,0.9969856637413944
missingindicator_ag_006,missingindicator_ay_000,0.9969856637413944
missingindicator_ag_006,missingindicator_ee_005,0.9969856637413944
missingindicator_ag_006,missingindicator_ay_002,0.9969856637413944
missingindicator_ag_006,missingindicator_ay_003,0.9969856637413944
missingindicator_ag_006,missingindicator_ay_004,0.9969856637413944
missingindicator_ag_003,missingindicator_ee_002,0.9969856637413944
missingindicator_ag_003,missingindicator_ee_003,0.9969856637413944
missingindicator_ag_003,missingindicator_ee_004,0.9969856637413944
missingindicator_ag_003,missingindicator_ee_005,0.9969856637413944
missingindicator_ag_003,missingindicator_ee_006,0.9969856637413944
missingindicator_ag_006,missingindicator_ay_001,0.9969856637413944
missingindicator_ag_000,missingindicator_az_003,0.9969856637413944
missingindicator_ag_000,missingindicator_az_004,0.9969856637413944
missingindicator_ag_000,missingindicator_az_005,0.9969856637413944
missingindicator_ag_006,missingindicator_az_006,0.9969856637413944
missingindicator_ag_006,missingindicator_az_007,0.9969856637413944
missingindicator_ag_006,missingindicator_az_008,0.9969856637413944
missingindicator_ag_006,missingindicator_ee_004,0.9969856637413944
missingindicator_ag_006,missingindicator_ee_000,0.9969856637413944
missingindicator_ag_005,missingindicator_ee_002,0.9969856637413944
missingindicator_ag_003,missingindicator_ee_001,0.9969856637413944
missingindicator_ag_006,missingindicator_ay_005,0.9969856637413944
missingindicator_ag_006,missingindicator_ay_006,0.9969856637413944
missingindicator_ag_006,missingindicator_ay_007,0.9969856637413944
missingindicator_ag_006,missingindicator_ay_008,0.9969856637413944
missingindicator_ag_006,missingindicator_ay_009,0.9969856637413944
missingindicator_ag_006,missingindicator_az_000,0.9969856637413944
missingindicator_ag_006,missingindicator_az_001,0.9969856637413944
missingindicator_ag_003,missingindicator_ee_000,0.9969856637413944
missingindicator_ag_009,missingindicator_ee_008,0.9969856637413944
missingindicator_ag_002,missingindicator_az_008,0.9969856637413944
missingindicator_ag_002,missingindicator_az_009,0.9969856637413944
missingindicator_ag_009,missingindicator_ee_006,0.9969856637413944
missingindicator_ag_001,missingindicator_ee_009,0.9969856637413944
missingindicator_ag_002,missingindicator_ay_000,0.9969856637413944
missingindicator_ag_002,missingindicator_ay_001,0.9969856637413944
missingindicator_ag_007,missingindicator_ee_000,0.9969856637413944
missingindicator_ag_007,missingindicator_ay_000,0.9969856637413944
missingindicator_ag_007,missingindicator_ee_002,0.9969856637413944
missingindicator_ag_007,missingindicator_ee_003,0.9969856637413944
missingindicator_ag_007,missingindicator_ee_004,0.9969856637413944
missingindicator_ag_007,missingindicator_ee_005,0.9969856637413944
missingindicator_ag_007,missingindicator_ee_009,0.9969856637413944
missingindicator_ag_008,missingindicator_ay_000,0.9969856637413944
missingindicator_ag_008,missingindicator_ay_001,0.9969856637413944
missingindicator_ag_008,missingindicator_ay_002,0.9969856637413944
missingindicator_ag_008,missingindicator_ay_003,0.9969856637413944
missingindicator_ag_007,missingindicator_ee_001,0.9969856637413944
missingindicator_ag_005,missingindicator_az_005,0.9969856637413944
missingindicator_ag_005,missingindicator_az_006,0.9969856637413944
missingindicator_ag_005,missingindicator_az_007,0.9969856637413944
missingindicator_ag_009,missingindicator_az_007,0.9969856637413944
missingindicator_ag_009,missingindicator_az_008,0.9969856637413944
missingindicator_ag_009,missingindicator_az_009,0.9969856637413944
missingindicator_ag_002,missingindicator_ee_006,0.9969856637413944
missingindicator_ag_002,missingindicator_ee_007,0.9969856637413944
missingindicator_ag_002,missingindicator_ee_008,0.9969856637413944
missingindicator_ag_009,missingindicator_az_006,0.9969856637413944
missingindicator_ag_008,missingindicator_ay_009,0.9969856637413944
missingindicator_ag_008,missingindicator_az_000,0.9969856637413944
missingindicator_ag_009,missingindicator_ay_009,0.9969856637413944
missingindicator_ag_009,missingindicator_az_000,0.9969856637413944
missingindicator_ag_009,missingindicator_az_001,0.9969856637413944
missingindicator_ag_009,missingindicator_az_002,0.9969856637413944
missingindicator_ag_009,missingindicator_az_003,0.9969856637413944
missingindicator_ag_009,missingindicator_az_004,0.9969856637413944
missingindicator_ag_009,missingindicator_az_005,0.9969856637413944
missingindicator_ag_002,missingindicator_ee_009,0.9969856637413944
missingindicator_ag_007,missingindicator_az_002,0.9969856637413944
missingindicator_ag_007,missingindicator_az_003,0.9969856637413944
missingindicator_ag_007,missingindicator_az_004,0.9969856637413944
missingindicator_ag_007,missingindicator_az_005,0.9969856637413944
missingindicator_ag_007,missingindicator_az_006,0.9969856637413944
missingindicator_ag_007,missingindicator_az_007,0.9969856637413944
missingindicator_ag_003,missingindicator_az_006,0.9969856637413944
missingindicator_ag_003,missingindicator_az_007,0.9969856637413944
missingindicator_ag_003,missingindicator_az_008,0.9969856637413944
missingindicator_ag_008,missingindicator_ay_004,0.9969856637413944
missingindicator_ag_000,missingindicator_ay_004,0.9969856637413944
missingindicator_ag_000,missingindicator_ay_005,0.9969856637413944
missingindicator_ag_000,missingindicator_ay_006,0.9969856637413944
missingindicator_ag_006,missingindicator_ee_009,0.9969856637413944
missingindicator_ag_003,missingindicator_ee_007,0.9969856637413944
missingindicator_ag_007,missingindicator_ay_001,0.9969856637413944
missingindicator_ag_000,missingindicator_ay_001,0.9969856637413944
missingindicator_ag_000,missingindicator_ay_002,0.9969856637413944
missingindicator_ag_000,missingindicator_ay_003,0.9969856637413944
missingindicator_ag_003,missingindicator_az_009,0.9969856637413944
missingindicator_ag_005,missingindicator_az_008,0.9969856637413944
missingindicator_ag_000,missingindicator_ay_007,0.9969856637413944
missingindicator_ag_000,missingindicator_ay_008,0.9969856637413944
missingindicator_ag_000,missingindicator_ay_000,0.9969856637413944
missingindicator_ag_007,missingindicator_az_008,0.9969856637413944
missingindicator_ag_007,missingindicator_az_009,0.9969856637413944
missingindicator_ag_007,missingindicator_ay_002,0.9969856637413944
missingindicator_ag_007,missingindicator_ay_003,0.9969856637413944
missingindicator_ag_007,missingindicator_ay_004,0.9969856637413944
missingindicator_ag_006,missingindicator_ee_003,0.9969856637413944
missingindicator_ag_007,missingindicator_ay_006,0.9969856637413944
missingindicator_ag_007,missingindicator_ay_007,0.9969856637413944
missingindicator_ag_007,missingindicator_ay_008,0.9969856637413944
missingindicator_ag_007,missingindicator_ay_009,0.9969856637413944
missingindicator_ag_007,missingindicator_az_000,0.9969856637413944
missingindicator_ag_007,missingindicator_az_001,0.9969856637413944
missingindicator_ag_001,missingindicator_ee_008,0.9969856637413944
missingindicator_ag_006,missingindicator_ee_001,0.9969856637413944
missingindicator_ag_006,missingindicator_ee_002,0.9969856637413944
missingindicator_ag_007,missingindicator_ay_005,0.9969856637413944
missingindicator_ag_000,missingindicator_ee_006,0.9969856637413944
missingindicator_ag_004,missingindicator_az_005,0.9969856637413944
missingindicator_ag_004,missingindicator_az_006,0.9969856637413944
missingindicator_ag_004,missingindicator_az_007,0.9969856637413944
missingindicator_ag_004,missingindicator_az_008,0.9969856637413944
missingindicator_ag_004,missingindicator_az_009,0.9969856637413944
missingindicator_ag_002,missingindicator_az_007,0.9969856637413944
missingindicator_ag_003,missingindicator_az_001,0.9969856637413944
missingindicator_ag_004,missingindicator_ay_005,0.9969856637413944
missingindicator_ag_001,missingindicator_ay_000,0.9969856637413944
missingindicator_ag_001,missingindicator_ay_001,0.9969856637413944
missingindicator_ag_001,missingindicator_ay_002,0.9969856637413944
missingindicator_ag_001,missingindicator_ay_003,0.9969856637413944
missingindicator_ag_001,missingindicator_ay_004,0.9969856637413944
missingindicator_ag_001,missingindicator_az_006,0.9969856637413944
missingindicator_ag_001,missingindicator_az_007,0.9969856637413944
missingindicator_ag_001,missingindicator_az_008,0.9969856637413944
missingindicator_ag_001,missingindicator_az_009,0.9969856637413944
missingindicator_ag_000,missingindicator_ee_009,0.9969856637413944
missingindicator_ag_009,missingindicator_ay_005,0.9969856637413944
missingindicator_ag_009,missingindicator_ay_006,0.9969856637413944
missingindicator_ag_009,missingindicator_ay_007,0.9969856637413944
missingindicator_ag_009,missingindicator_ay_008,0.9969856637413944
missingindicator_ag_008,missingindicator_ee_000,0.9969856637413944
missingindicator_ag_008,missingindicator_ee_001,0.9969856637413944
missingindicator_ag_008,missingindicator_ee_002,0.9969856637413944
missingindicator_ag_003,missingindicator_az_005,0.9969856637413944
missingindicator_ag_003,missingindicator_ay_000,0.9969856637413944
missingindicator_ag_000,missingindicator_ee_005,0.9969856637413944
missingindicator_ag_008,missingindicator_ee_006,0.9969856637413944
missingindicator_ag_008,missingindicator_ee_007,0.9969856637413944
missingindicator_ag_001,missingindicator_ay_008,0.9969856637413944
missingindicator_ag_001,missingindicator_ay_009,0.9969856637413944
missingindicator_ag_001,missingindicator_az_000,0.9969856637413944
missingindicator_ag_001,missingindicator_az_001,0.9969856637413944
missingindicator_ag_001,missingindicator_az_002,0.9969856637413944
missingindicator_ag_000,missingindicator_ee_003,0.9969856637413944
missingindicator_ag_000,missingindicator_ee_004,0.9969856637413944
missingindicator_ag_008,missingindicator_ee_005,0.9969856637413944
missingindicator_ag_000,missingindicator_ee_008,0.9969856637413944
missingindicator_ag_008,missingindicator_az_003,0.9969856637413944
missingindicator_ag_008,missingindicator_az_004,0.9969856637413944
missingindicator_ag_008,missingindicator_az_005,0.9969856637413944
missingindicator_ag_001,missingindicator_ee_005,0.9969856637413944
missingindicator_ag_001,missingindicator_ee_006,0.9969856637413944
missingindicator_ag_001,missingindicator_ee_007,0.9969856637413944
missingindicator_ag_009,missingindicator_ee_007,0.9969856637413944
missingindicator_ag_009,missingindicator_ee_000,0.9969856637413944
missingindicator_ag_002,missingindicator_ay_007,0.9969856637413944
missingindicator_ag_009,missingindicator_ee_002,0.9969856637413944
missingindicator_ag_009,missingindicator_ee_003,0.9969856637413944
missingindicator_ag_009,missingindicator_ee_004,0.9969856637413944
missingindicator_ag_009,missingindicator_ee_005,0.9969856637413944
missingindicator_ag_009,missingindicator_ee_009,0.9969856637413944
missingindicator_ag_008,missingindicator_az_001,0.9969856637413944
missingindicator_ag_008,missingindicator_az_002,0.9969856637413944
missingindicator_ag_002,missingindicator_ay_008,0.9969856637413944
missingindicator_ag_005,missingindicator_az_009,0.9969856637413944
missingindicator_ag_009,missingindicator_ee_001,0.9969856637413944
missingindicator_ag_001,missingindicator_az_004,0.9969856637413944
missingindicator_ag_001,missingindicator_az_005,0.9969856637413944
missingindicator_ag_001,missingindicator_ay_005,0.9969856637413944
missingindicator_ag_001,missingindicator_ay_006,0.9969856637413944
missingindicator_ag_001,missingindicator_ay_007,0.9969856637413944
missingindicator_ag_002,missingindicator_ay_009,0.9969856637413944
missingindicator_ag_002,missingindicator_ee_000,0.9969856637413944
missingindicator_ag_002,missingindicator_ee_001,0.9969856637413944
missingindicator_ag_002,missingindicator_ee_002,0.9969856637413944
missingindicator_ag_001,missingindicator_az_003,0.9969856637413944
missingindicator_ag_002,missingindicator_ee_004,0.9969856637413944
missingindicator_ag_002,missingindicator_ee_005,0.9969856637413944
missingindicator_ag_002,missingindicator_az_000,0.9969856637413944
missingindicator_ag_002,missingindicator_az_001,0.9969856637413944
missingindicator_ag_002,missingindicator_az_002,0.9969856637413944
missingindicator_ag_002,missingindicator_az_003,0.9969856637413944
missingindicator_ag_002,missingindicator_az_004,0.9969856637413944
missingindicator_ag_002,missingindicator_az_005,0.9969856637413944
missingindicator_ag_002,missingindicator_az_006,0.9969856637413944
missingindicator_ag_002,missingindicator_ee_003,0.9969856637413944
missingindicator_ag_005,missingindicator_ay_007,0.9969856637413944
missingindicator_ag_005,missingindicator_ay_008,0.9969856637413944
missingindicator_ag_005,missingindicator_ay_009,0.9969856637413944
missingindicator_ag_005,missingindicator_az_000,0.9969856637413944
missingindicator_ag_008,missingindicator_ee_004,0.9969856637413944
missingindicator_ag_005,missingindicator_ee_000,0.9969856637413944
missingindicator_ag_005,missingindicator_ee_001,0.9969856637413944
missingindicator_ag_004,missingindicator_ay_000,0.9969856637413944
missingindicator_ag_009,missingindicator_ay_004,0.9969856637413944
missingindicator_ag_004,missingindicator_ay_002,0.9969856637413944
missingindicator_ag_003,missingindicator_az_000,0.9969856637413944
missingindicator_ag_001,missingindicator_ee_003,0.9969856637413944
missingindicator_ag_001,missingindicator_ee_004,0.9969856637413944
missingindicator_ag_008,missingindicator_az_006,0.9969856637413944
missingindicator_ag_008,missingindicator_az_007,0.9969856637413944
missingindicator_ag_008,missingindicator_az_008,0.9969856637413944
missingindicator_ag_008,missingindicator_az_009,0.9969856637413944
missingindicator_ag_008,missingindicator_ay_005,0.9969856637413944
missingindicator_ag_004,missingindicator_ay_001,0.9969856637413944
missingindicator_ag_003,missingindicator_ee_008,0.9969856637413944
missingindicator_ag_004,missingindicator_ay_003,0.9969856637413944
missingindicator_ag_004,missingindicator_ay_004,0.9969856637413944
missingindicator_ag_004,missingindicator_ay_006,0.9969856637413944
missingindicator_ag_004,missingindicator_ay_007,0.9969856637413944
missingindicator_ag_004,missingindicator_ay_008,0.9969856637413944
missingindicator_ag_004,missingindicator_ay_009,0.9969856637413944
missingindicator_ag_004,missingindicator_az_000,0.9969856637413944
missingindicator_ag_003,missingindicator_ee_009,0.9969856637413944
missingindicator_ag_005,missingindicator_ay_006,0.9969856637413944
missingindicator_ag_006,missingindicator_az_002,0.9969856637413944
missingindicator_ag_006,missingindicator_az_003,0.9969856637413944
missingindicator_ag_006,missingindicator_az_004,0.9969856637413944
missingindicator_ag_006,missingindicator_az_005,0.9969856637413944
missingindicator_ag_004,missingindicator_ee_005,0.9969856637413944
missingindicator_ag_004,missingindicator_ee_006,0.9969856637413944
missingindicator_ag_004,missingindicator_ee_007,0.9969856637413944
missingindicator_ag_004,missingindicator_ee_008,0.9969856637413944
missingindicator_ag_004,missingindicator_ee_009,0.9969856637413944
missingindicator_ag_005,missingindicator_ee_009,0.9969856637413944
missingindicator_ag_003,missingindicator_ay_009,0.9969856637413944
missingindicator_ag_008,missingindicator_ee_008,0.9969856637413944
missingindicator_ag_008,missingindicator_ee_009,0.9969856637413944
missingindicator_ag_009,missingindicator_ay_000,0.9969856637413944
missingindicator_ag_009,missingindicator_ay_001,0.9969856637413944
missingindicator_ag_009,missingindicator_ay_002,0.9969856637413944
missingindicator_ag_009,missingindicator_ay_003,0.9969856637413944
missingindicator_ag_002,missingindicator_ay_002,0.9969856637413944
missingindicator_ag_002,missingindicator_ay_003,0.9969856637413944
missingindicator_ag_008,missingindicator_ay_006,0.9969856637413944
missingindicator_ag_002,missingindicator_ay_005,0.9969856637413944
missingindicator_ag_002,missingindicator_ay_006,0.9969856637413944
missingindicator_ag_000,missingindicator_ee_007,0.9969856637413944
missingindicator_ag_003,missingindicator_ay_001,0.9969856637413944
missingindicator_ag_003,missingindicator_ay_002,0.9969856637413944
missingindicator_ag_003,missingindicator_ay_003,0.9969856637413944
missingindicator_ag_003,missingindicator_az_002,0.9969856637413944
missingindicator_ag_003,missingindicator_az_003,0.9969856637413944
missingindicator_ag_003,missingindicator_az_004,0.9969856637413944
missingindicator_ag_002,missingindicator_ay_004,0.9969856637413944
missingindicator_ag_008,missingindicator_ay_007,0.9969856637413944
missingindicator_ag_007,missingindicator_ee_006,0.9969856637413944
missingindicator_ag_007,missingindicator_ee_007,0.9969856637413944
missingindicator_ag_007,missingindicator_ee_008,0.9969856637413944
missingindicator_ag_004,missingindicator_ee_002,0.9969856637413944
missingindicator_ag_004,missingindicator_ee_003,0.9969856637413944
missingindicator_ag_004,missingindicator_ee_004,0.9969856637413944
missingindicator_ag_003,missingindicator_ay_004,0.9969856637413944
missingindicator_ag_003,missingindicator_ay_005,0.9969856637413944
missingindicator_ag_003,missingindicator_ay_008,0.9969856637413944
missingindicator_ag_008,missingindicator_ay_008,0.9969856637413944
missingindicator_ag_001,missingindicator_ee_000,0.9969856637413944
missingindicator_ag_001,missingindicator_ee_001,0.9969856637413944
missingindicator_ag_001,missingindicator_ee_002,0.9969856637413944
missingindicator_ag_004,missingindicator_az_001,0.9969856637413944
missingindicator_ag_004,missingindicator_az_002,0.9969856637413944
missingindicator_ag_004,missingindicator_az_003,0.9969856637413944
missingindicator_ag_004,missingindicator_az_004,0.9969856637413944
missingindicator_ag_003,missingindicator_ay_007,0.9969856637413944
missingindicator_ag_003,missingindicator_ay_006,0.9969856637413944
bb_000,bv_000,0.9962581925084049
bb_000,bu_000,0.9962581925040408
bb_000,cq_000,0.9962581924842115
bx_000,cc_000,0.9961799455675588
al_000,am_0,0.9886664428012578
an_000,bg_000,0.9883465138877826
an_000,ao_000,0.9882427965219885
missingindicator_cn_009,missingindicator_cs_009,0.9866629073865155
missingindicator_cn_009,missingindicator_cs_008,0.9866629073865155
missingindicator_cn_009,missingindicator_cs_007,0.9866629073865155
missingindicator_cn_009,missingindicator_cs_006,0.9866629073865155
missingindicator_cn_008,missingindicator_cs_008,0.9866629073865155
missingindicator_cn_007,missingindicator_cs_009,0.9866629073865155
missingindicator_cn_009,missingindicator_cs_003,0.9866629073865155
missingindicator_cn_009,missingindicator_cs_002,0.9866629073865155
missingindicator_cn_009,missingindicator_cs_001,0.9866629073865155
missingindicator_cn_000,missingindicator_cs_006,0.9866629073865155
missingindicator_cn_000,missingindicator_cs_005,0.9866629073865155
missingindicator_cn_000,missingindicator_cs_004,0.9866629073865155
missingindicator_cn_000,missingindicator_cs_003,0.9866629073865155
missingindicator_cn_000,missingindicator_cs_002,0.9866629073865155
missingindicator_cn_000,missingindicator_cs_001,0.9866629073865155
missingindicator_cn_000,missingindicator_cs_000,0.9866629073865155
missingindicator_cn_008,missingindicator_cs_007,0.9866629073865155
missingindicator_cn_008,missingindicator_cs_006,0.9866629073865155
missingindicator_cn_008,missingindicator_cs_005,0.9866629073865155
missingindicator_cn_008,missingindicator_cs_004,0.9866629073865155
missingindicator_cn_008,missingindicator_cs_003,0.9866629073865155
missingindicator_cn_008,missingindicator_cs_002,0.9866629073865155
missingindicator_cn_008,missingindicator_cs_001,0.9866629073865155
missingindicator_cn_008,missingindicator_cs_000,0.9866629073865155
missingindicator_cn_001,missingindicator_cs_007,0.9866629073865155
missingindicator_cn_001,missingindicator_cs_006,0.9866629073865155
missingindicator_cn_001,missingindicator_cs_005,0.9866629073865155
missingindicator_cn_001,missingindicator_cs_004,0.9866629073865155
missingindicator_cn_001,missingindicator_cs_003,0.9866629073865155
missingindicator_cn_001,missingindicator_cs_002,0.9866629073865155
missingindicator_cn_001,missingindicator_cs_001,0.9866629073865155
missingindicator_cn_001,missingindicator_cs_000,0.9866629073865155
missingindicator_cn_009,missingindicator_cs_005,0.9866629073865155
missingindicator_cn_009,missingindicator_cs_004,0.9866629073865155
missingindicator_cn_009,missingindicator_cs_000,0.9866629073865155
missingindicator_cn_008,missingindicator_cs_009,0.9866629073865155
missingindicator_cn_006,missingindicator_cs_008,0.9866629073865155
missingindicator_cn_000,missingindicator_cs_007,0.9866629073865155
missingindicator_cn_000,missingindicator_cs_008,0.9866629073865155
missingindicator_cn_000,missingindicator_cs_009,0.9866629073865155
missingindicator_cn_006,missingindicator_cs_007,0.9866629073865155
missingindicator_cn_001,missingindicator_cs_009,0.9866629073865155
missingindicator_cn_001,missingindicator_cs_008,0.9866629073865155
missingindicator_cn_007,missingindicator_cs_008,0.9866629073865155
missingindicator_cn_007,missingindicator_cs_003,0.9866629073865155
missingindicator_cn_007,missingindicator_cs_002,0.9866629073865155
missingindicator_cn_007,missingindicator_cs_001,0.9866629073865155
missingindicator_cn_007,missingindicator_cs_000,0.9866629073865155
missingindicator_cn_007,missingindicator_cs_007,0.9866629073865155
missingindicator_cn_007,missingindicator_cs_006,0.9866629073865155
missingindicator_cn_007,missingindicator_cs_005,0.9866629073865155
missingindicator_cn_007,missingindicator_cs_004,0.9866629073865155
missingindicator_cn_002,missingindicator_cs_004,0.9866629073865155
missingindicator_cn_002,missingindicator_cs_003,0.9866629073865155
missingindicator_cn_002,missingindicator_cs_002,0.9866629073865155
missingindicator_cn_002,missingindicator_cs_001,0.9866629073865155
missingindicator_cn_002,missingindicator_cs_000,0.9866629073865155
missingindicator_cn_003,missingindicator_cs_005,0.9866629073865155
missingindicator_cn_003,missingindicator_cs_004,0.9866629073865155
missingindicator_cn_003,missingindicator_cs_003,0.9866629073865155
missingindicator_cn_003,missingindicator_cs_002,0.9866629073865155
missingindicator_cn_003,missingindicator_cs_001,0.9866629073865155
missingindicator_cn_003,missingindicator_cs_000,0.9866629073865155
missingindicator_cn_002,missingindicator_cs_009,0.9866629073865155
missingindicator_cn_006,missingindicator_cs_009,0.9866629073865155
missingindicator_cn_002,missingindicator_cs_007,0.9866629073865155
missingindicator_cn_002,missingindicator_cs_006,0.9866629073865155
missingindicator_cn_002,missingindicator_cs_005,0.9866629073865155
missingindicator_cn_003,missingindicator_cs_007,0.9866629073865155
missingindicator_cn_003,missingindicator_cs_008,0.9866629073865155
missingindicator_cn_003,missingindicator_cs_009,0.9866629073865155
missingindicator_cn_002,missingindicator_cs_008,0.9866629073865155
missingindicator_cn_003,missingindicator_cs_006,0.9866629073865155
missingindicator_cn_006,missingindicator_cs_006,0.9866629073865155
missingindicator_cn_006,missingindicator_cs_005,0.9866629073865155
missingindicator_cn_006,missingindicator_cs_004,0.9866629073865155
missingindicator_cn_005,missingindicator_cs_002,0.9866629073865155
missingindicator_cn_005,missingindicator_cs_001,0.9866629073865155
missingindicator_cn_005,missingindicator_cs_000,0.9866629073865155
missingindicator_cn_004,missingindicator_cs_009,0.9866629073865155
missingindicator_cn_006,missingindicator_cs_003,0.9866629073865155
missingindicator_cn_005,missingindicator_cs_005,0.9866629073865155
missingindicator_cn_005,missingindicator_cs_004,0.9866629073865155
missingindicator_cn_005,missingindicator_cs_003,0.9866629073865155
missingindicator_cn_004,missingindicator_cs_005,0.9866629073865155
missingindicator_cn_004,missingindicator_cs_006,0.9866629073865155
missingindicator_cn_004,missingindicator_cs_007,0.9866629073865155
missingindicator_cn_004,missingindicator_cs_008,0.9866629073865155
missingindicator_cn_004,missingindicator_cs_001,0.9866629073865155
missingindicator_cn_004,missingindicator_cs_002,0.9866629073865155
missingindicator_cn_004,missingindicator_cs_004,0.9866629073865155
missingindicator_cn_004,missingindicator_cs_003,0.9866629073865155
missingindicator_cn_006,missingindicator_cs_002,0.9866629073865155
missingindicator_cn_004,missingindicator_cs_000,0.9866629073865155
missingindicator_cn_006,missingindicator_cs_001,0.9866629073865155
missingindicator_cn_006,missingindicator_cs_000,0.9866629073865155
missingindicator_cn_005,missingindicator_cs_008,0.9866629073865155
missingindicator_cn_005,missingindicator_cs_009,0.9866629073865155
missingindicator_cn_005,missingindicator_cs_006,0.9866629073865155
missingindicator_cn_005,missingindicator_cs_007,0.9866629073865155
ah_000,an_000,0.9860064958530629
missingindicator_ba_009,missingindicator_cs_008,0.9859372836953351
missingindicator_ba_009,missingindicator_cs_007,0.9859372836953351
missingindicator_ba_009,missingindicator_cs_006,0.9859372836953351
missingindicator_ba_009,missingindicator_cs_009,0.9859372836953351
missingindicator_ba_009,missingindicator_cs_004,0.9859372836953351
missingindicator_ba_009,missingindicator_cs_003,0.9859372836953351
missingindicator_ba_000,missingindicator_cs_009,0.9859372836953351
missingindicator_ba_000,missingindicator_cs_008,0.9859372836953351
missingindicator_ba_000,missingindicator_cs_007,0.9859372836953351
missingindicator_ba_000,missingindicator_cs_006,0.9859372836953351
missingindicator_ba_000,missingindicator_cs_005,0.9859372836953351
missingindicator_ba_000,missingindicator_cs_004,0.9859372836953351
missingindicator_ba_000,missingindicator_cs_003,0.9859372836953351
missingindicator_ba_000,missingindicator_cs_002,0.9859372836953351
missingindicator_ba_000,missingindicator_cs_001,0.9859372836953351
missingindicator_ba_000,missingindicator_cs_000,0.9859372836953351
missingindicator_ba_001,missingindicator_cs_003,0.9859372836953351
missingindicator_ba_001,missingindicator_cs_002,0.9859372836953351
missingindicator_ba_001,missingindicator_cs_001,0.9859372836953351
missingindicator_ba_001,missingindicator_cs_000,0.9859372836953351
missingindicator_ba_009,missingindicator_cs_002,0.9859372836953351
missingindicator_ba_009,missingindicator_cs_001,0.9859372836953351
missingindicator_ba_009,missingindicator_cs_000,0.9859372836953351
missingindicator_ba_008,missingindicator_cs_009,0.9859372836953351
missingindicator_ba_008,missingindicator_cs_008,0.9859372836953351
missingindicator_ba_008,missingindicator_cs_007,0.9859372836953351
missingindicator_ba_008,missingindicator_cs_006,0.9859372836953351
missingindicator_ba_008,missingindicator_cs_005,0.9859372836953351
missingindicator_ba_008,missingindicator_cs_004,0.9859372836953351
missingindicator_ba_008,missingindicator_cs_003,0.9859372836953351
missingindicator_ba_008,missingindicator_cs_002,0.9859372836953351
missingindicator_ba_008,missingindicator_cs_001,0.9859372836953351
missingindicator_ba_008,missingindicator_cs_000,0.9859372836953351
missingindicator_ba_002,missingindicator_cs_001,0.9859372836953351
missingindicator_ba_002,missingindicator_cs_000,0.9859372836953351
missingindicator_ba_009,missingindicator_cs_005,0.9859372836953351
missingindicator_ba_001,missingindicator_cs_009,0.9859372836953351
missingindicator_ba_001,missingindicator_cs_008,0.9859372836953351
missingindicator_ba_001,missingindicator_cs_006,0.9859372836953351
missingindicator_ba_001,missingindicator_cs_007,0.9859372836953351
missingindicator_ba_001,missingindicator_cs_004,0.9859372836953351
missingindicator_ba_007,missingindicator_cs_009,0.9859372836953351
missingindicator_ba_007,missingindicator_cs_008,0.9859372836953351
missingindicator_ba_001,missingindicator_cs_005,0.9859372836953351
missingindicator_ba_007,missingindicator_cs_006,0.9859372836953351
missingindicator_ba_007,missingindicator_cs_005,0.9859372836953351
missingindicator_ba_007,missingindicator_cs_004,0.9859372836953351
missingindicator_ba_007,missingindicator_cs_003,0.9859372836953351
missingindicator_ba_007,missingindicator_cs_002,0.9859372836953351
missingindicator_ba_007,missingindicator_cs_001,0.9859372836953351
missingindicator_ba_007,missingindicator_cs_000,0.9859372836953351
missingindicator_ba_007,missingindicator_cs_007,0.9859372836953351
missingindicator_ba_002,missingindicator_cs_006,0.9859372836953351
missingindicator_ba_002,missingindicator_cs_005,0.9859372836953351
missingindicator_ba_002,missingindicator_cs_004,0.9859372836953351
missingindicator_ba_002,missingindicator_cs_003,0.9859372836953351
missingindicator_ba_002,missingindicator_cs_002,0.9859372836953351
missingindicator_ba_006,missingindicator_cs_009,0.9859372836953351
missingindicator_ba_006,missingindicator_cs_008,0.9859372836953351
missingindicator_ba_006,missingindicator_cs_007,0.9859372836953351
missingindicator_ba_006,missingindicator_cs_006,0.9859372836953351
missingindicator_ba_006,missingindicator_cs_005,0.9859372836953351
missingindicator_ba_006,missingindicator_cs_004,0.9859372836953351
missingindicator_ba_006,missingindicator_cs_003,0.9859372836953351
missingindicator_ba_006,missingindicator_cs_002,0.9859372836953351
missingindicator_ba_006,missingindicator_cs_001,0.9859372836953351
missingindicator_ba_006,missingindicator_cs_000,0.9859372836953351
missingindicator_ba_002,missingindicator_cs_007,0.9859372836953351
missingindicator_ba_002,missingindicator_cs_009,0.9859372836953351
missingindicator_ba_002,missingindicator_cs_008,0.9859372836953351
missingindicator_ba_005,missingindicator_cs_008,0.9859372836953351
missingindicator_ba_005,missingindicator_cs_009,0.9859372836953351
missingindicator_ba_005,missingindicator_cs_006,0.9859372836953351
missingindicator_ba_005,missingindicator_cs_005,0.9859372836953351
missingindicator_ba_005,missingindicator_cs_004,0.9859372836953351
missingindicator_ba_005,missingindicator_cs_007,0.9859372836953351
missingindicator_ba_005,missingindicator_cs_002,0.9859372836953351
missingindicator_ba_005,missingindicator_cs_001,0.9859372836953351
missingindicator_ba_005,missingindicator_cs_000,0.9859372836953351
missingindicator_ba_004,missingindicator_cs_009,0.9859372836953351
missingindicator_ba_004,missingindicator_cs_008,0.9859372836953351
missingindicator_ba_004,missingindicator_cs_007,0.9859372836953351
missingindicator_ba_004,missingindicator_cs_006,0.9859372836953351
missingindicator_ba_005,missingindicator_cs_003,0.9859372836953351
missingindicator_ba_004,missingindicator_cs_005,0.9859372836953351
missingindicator_ba_004,missingindicator_cs_004,0.9859372836953351
missingindicator_ba_004,missingindicator_cs_002,0.9859372836953351
missingindicator_ba_004,missingindicator_cs_003,0.9859372836953351
missingindicator_ba_004,missingindicator_cs_000,0.9859372836953351
missingindicator_ba_003,missingindicator_cs_003,0.9859372836953351
missingindicator_ba_003,missingindicator_cs_002,0.9859372836953351
missingindicator_ba_004,missingindicator_cs_001,0.9859372836953351
missingindicator_ba_003,missingindicator_cs_001,0.9859372836953351
missingindicator_ba_003,missingindicator_cs_000,0.9859372836953351
missingindicator_ba_003,missingindicator_cs_008,0.9859372836953351
missingindicator_ba_003,missingindicator_cs_009,0.9859372836953351
missingindicator_ba_003,missingindicator_cs_007,0.9859372836953351
missingindicator_ba_003,missingindicator_cs_006,0.9859372836953351
missingindicator_ba_003,missingindicator_cs_005,0.9859372836953351
missingindicator_ba_003,missingindicator_cs_004,0.9859372836953351
an_000,bb_000,0.9853303187042413
missingindicator_ag_009,missingindicator_cn_001,0.9851738644720976
missingindicator_ag_009,missingindicator_cn_006,0.9851738644720976
missingindicator_ag_009,missingindicator_cn_005,0.9851738644720976
missingindicator_ag_009,missingindicator_cn_004,0.9851738644720976
missingindicator_ag_004,missingindicator_cn_008,0.9851738644720976
missingindicator_ag_004,missingindicator_cn_007,0.9851738644720976
missingindicator_ag_004,missingindicator_cn_006,0.9851738644720976
missingindicator_ag_004,missingindicator_cn_005,0.9851738644720976
missingindicator_ag_004,missingindicator_cn_004,0.9851738644720976
missingindicator_ag_004,missingindicator_cn_003,0.9851738644720976
missingindicator_ag_004,missingindicator_cn_002,0.9851738644720976
missingindicator_ag_004,missingindicator_cn_001,0.9851738644720976
missingindicator_ag_007,missingindicator_cn_003,0.9851738644720976
missingindicator_ag_007,missingindicator_cn_002,0.9851738644720976
missingindicator_ag_007,missingindicator_cn_001,0.9851738644720976
missingindicator_ag_007,missingindicator_cn_000,0.9851738644720976
missingindicator_ag_007,missingindicator_cn_008,0.9851738644720976
missingindicator_ag_007,missingindicator_cn_007,0.9851738644720976
missingindicator_ag_007,missingindicator_cn_006,0.9851738644720976
missingindicator_ag_004,missingindicator_cn_000,0.9851738644720976
missingindicator_ag_001,missingindicator_cn_006,0.9851738644720976
missingindicator_ag_001,missingindicator_cn_005,0.9851738644720976
missingindicator_ag_007,missingindicator_cn_009,0.9851738644720976
missingindicator_ag_001,missingindicator_cn_000,0.9851738644720976
missingindicator_ag_000,missingindicator_cn_009,0.9851738644720976
missingindicator_ag_000,missingindicator_cn_008,0.9851738644720976
missingindicator_ag_000,missingindicator_cn_007,0.9851738644720976
missingindicator_ag_000,missingindicator_cn_006,0.9851738644720976
missingindicator_ag_007,missingindicator_cn_005,0.9851738644720976
missingindicator_ag_007,missingindicator_cn_004,0.9851738644720976
missingindicator_ag_001,missingindicator_cn_004,0.9851738644720976
missingindicator_ag_001,missingindicator_cn_003,0.9851738644720976
missingindicator_ag_001,missingindicator_cn_002,0.9851738644720976
missingindicator_ag_001,missingindicator_cn_001,0.9851738644720976
missingindicator_ag_008,missingindicator_cn_006,0.9851738644720976
missingindicator_ag_008,missingindicator_cn_005,0.9851738644720976
missingindicator_ag_008,missingindicator_cn_004,0.9851738644720976
missingindicator_ag_001,missingindicator_cn_009,0.9851738644720976
missingindicator_ag_001,missingindicator_cn_008,0.9851738644720976
missingindicator_ag_001,missingindicator_cn_007,0.9851738644720976
missingindicator_ag_008,missingindicator_cn_000,0.9851738644720976
missingindicator_ag_008,missingindicator_cn_009,0.9851738644720976
missingindicator_ag_008,missingindicator_cn_008,0.9851738644720976
missingindicator_ag_008,missingindicator_cn_007,0.9851738644720976
missingindicator_ag_008,missingindicator_cn_003,0.9851738644720976
missingindicator_ag_008,missingindicator_cn_002,0.9851738644720976
missingindicator_ag_008,missingindicator_cn_001,0.9851738644720976
missingindicator_ag_005,missingindicator_cn_000,0.9851738644720976
missingindicator_ag_003,missingindicator_cn_009,0.9851738644720976
missingindicator_ag_003,missingindicator_cn_008,0.9851738644720976
missingindicator_ag_003,missingindicator_cn_007,0.9851738644720976
missingindicator_ag_003,missingindicator_cn_006,0.9851738644720976
missingindicator_ag_003,missingindicator_cn_005,0.9851738644720976
missingindicator_ag_003,missingindicator_cn_004,0.9851738644720976
missingindicator_ag_003,missingindicator_cn_003,0.9851738644720976
missingindicator_ag_003,missingindicator_cn_002,0.9851738644720976
missingindicator_ag_000,missingindicator_cn_005,0.9851738644720976
missingindicator_ag_000,missingindicator_cn_004,0.9851738644720976
missingindicator_ag_000,missingindicator_cn_003,0.9851738644720976
missingindicator_ag_000,missingindicator_cn_002,0.9851738644720976
missingindicator_ag_000,missingindicator_cn_001,0.9851738644720976
missingindicator_ag_000,missingindicator_cn_000,0.9851738644720976
missingindicator_ag_006,missingindicator_cn_001,0.9851738644720976
missingindicator_ag_006,missingindicator_cn_000,0.9851738644720976
missingindicator_ag_005,missingindicator_cn_005,0.9851738644720976
missingindicator_ag_005,missingindicator_cn_004,0.9851738644720976
missingindicator_ag_005,missingindicator_cn_003,0.9851738644720976
missingindicator_ag_005,missingindicator_cn_002,0.9851738644720976
missingindicator_ag_002,missingindicator_cn_003,0.9851738644720976
missingindicator_ag_002,missingindicator_cn_002,0.9851738644720976
missingindicator_ag_002,missingindicator_cn_001,0.9851738644720976
missingindicator_ag_002,missingindicator_cn_000,0.9851738644720976
missingindicator_ag_002,missingindicator_cn_009,0.9851738644720976
missingindicator_ag_002,missingindicator_cn_008,0.9851738644720976
missingindicator_ag_002,missingindicator_cn_007,0.9851738644720976
missingindicator_ag_002,missingindicator_cn_006,0.9851738644720976
missingindicator_ag_002,missingindicator_cn_005,0.9851738644720976
missingindicator_ag_002,missingindicator_cn_004,0.9851738644720976
missingindicator_ag_006,missingindicator_cn_006,0.9851738644720976
missingindicator_ag_006,missingindicator_cn_005,0.9851738644720976
missingindicator_ag_006,missingindicator_cn_004,0.9851738644720976
missingindicator_ag_006,missingindicator_cn_003,0.9851738644720976
missingindicator_ag_006,missingindicator_cn_002,0.9851738644720976
missingindicator_ag_005,missingindicator_cn_009,0.9851738644720976
missingindicator_ag_005,missingindicator_cn_008,0.9851738644720976
missingindicator_ag_005,missingindicator_cn_007,0.9851738644720976
missingindicator_ag_005,missingindicator_cn_006,0.9851738644720976
missingindicator_ag_006,missingindicator_cn_009,0.9851738644720976
missingindicator_ag_006,missingindicator_cn_008,0.9851738644720976
missingindicator_ag_006,missingindicator_cn_007,0.9851738644720976
missingindicator_ag_005,missingindicator_cn_001,0.9851738644720976
missingindicator_ag_003,missingindicator_cn_001,0.9851738644720976
missingindicator_ag_003,missingindicator_cn_000,0.9851738644720976
missingindicator_ag_009,missingindicator_cn_003,0.9851738644720976
missingindicator_ag_009,missingindicator_cn_000,0.9851738644720976
missingindicator_ag_004,missingindicator_cn_009,0.9851738644720976
missingindicator_ag_009,missingindicator_cn_009,0.9851738644720976
missingindicator_ag_009,missingindicator_cn_008,0.9851738644720976
missingindicator_ag_009,missingindicator_cn_007,0.9851738644720976
missingindicator_ag_009,missingindicator_cn_002,0.9851738644720976
missingindicator_ay_003,missingindicator_cn_008,0.9851738644720918
missingindicator_cn_002,missingindicator_ee_008,0.9851738644720918
missingindicator_cn_002,missingindicator_ee_007,0.9851738644720918
missingindicator_cn_002,missingindicator_ee_006,0.9851738644720918
missingindicator_cn_002,missingindicator_ee_005,0.9851738644720918
missingindicator_cn_001,missingindicator_ee_009,0.9851738644720918
missingindicator_cn_001,missingindicator_ee_008,0.9851738644720918
missingindicator_cn_001,missingindicator_ee_007,0.9851738644720918
missingindicator_cn_001,missingindicator_ee_006,0.9851738644720918
missingindicator_ay_005,missingindicator_cn_008,0.9851738644720918
missingindicator_ay_005,missingindicator_cn_007,0.9851738644720918
missingindicator_ay_005,missingindicator_cn_006,0.9851738644720918
missingindicator_ay_005,missingindicator_cn_005,0.9851738644720918
missingindicator_ay_005,missingindicator_cn_004,0.9851738644720918
missingindicator_ay_005,missingindicator_cn_003,0.9851738644720918
missingindicator_ay_005,missingindicator_cn_002,0.9851738644720918
missingindicator_az_001,missingindicator_cn_007,0.9851738644720918
missingindicator_az_009,missingindicator_cn_006,0.9851738644720918
missingindicator_az_009,missingindicator_cn_005,0.9851738644720918
missingindicator_az_009,missingindicator_cn_004,0.9851738644720918
missingindicator_az_009,missingindicator_cn_003,0.9851738644720918
missingindicator_az_009,missingindicator_cn_002,0.9851738644720918
missingindicator_az_009,missingindicator_cn_001,0.9851738644720918
missingindicator_az_009,missingindicator_cn_000,0.9851738644720918
missingindicator_az_006,missingindicator_cn_009,0.9851738644720918
missingindicator_az_006,missingindicator_cn_008,0.9851738644720918
missingindicator_cn_009,missingindicator_ee_006,0.9851738644720918
missingindicator_ay_005,missingindicator_cn_009,0.9851738644720918
missingindicator_cn_001,missingindicator_ee_005,0.9851738644720918
missingindicator_az_001,missingindicator_cn_009,0.9851738644720918
missingindicator_cn_000,missingindicator_ee_000,0.9851738644720918
missingindicator_az_002,missingindicator_cn_002,0.9851738644720918
missingindicator_az_002,missingindicator_cn_001,0.9851738644720918
missingindicator_az_002,missingindicator_cn_000,0.9851738644720918
missingindicator_az_001,missingindicator_cn_004,0.9851738644720918
missingindicator_az_001,missingindicator_cn_003,0.9851738644720918
missingindicator_az_001,missingindicator_cn_002,0.9851738644720918
missingindicator_az_001,missingindicator_cn_001,0.9851738644720918
missingindicator_cn_001,missingindicator_ee_004,0.9851738644720918
missingindicator_cn_001,missingindicator_ee_003,0.9851738644720918
missingindicator_cn_001,missingindicator_ee_002,0.9851738644720918
missingindicator_cn_001,missingindicator_ee_001,0.9851738644720918
missingindicator_cn_001,missingindicator_ee_000,0.9851738644720918
missingindicator_cn_000,missingindicator_ee_009,0.9851738644720918
missingindicator_cn_008,missingindicator_ee_009,0.9851738644720918
missingindicator_cn_008,missingindicator_ee_008,0.9851738644720918
missingindicator_cn_008,missingindicator_ee_007,0.9851738644720918
missingindicator_cn_008,missingindicator_ee_006,0.9851738644720918
missingindicator_cn_008,missingindicator_ee_005,0.9851738644720918
missingindicator_cn_008,missingindicator_ee_004,0.9851738644720918
missingindicator_cn_008,missingindicator_ee_003,0.9851738644720918
missingindicator_cn_008,missingindicator_ee_002,0.9851738644720918
missingindicator_cn_008,missingindicator_ee_001,0.9851738644720918
missingindicator_cn_009,missingindicator_ee_009,0.9851738644720918
missingindicator_cn_009,missingindicator_ee_008,0.9851738644720918
missingindicator_cn_009,missingindicator_ee_007,0.9851738644720918
missingindicator_az_009,missingindicator_cn_009,0.9851738644720918
missingindicator_az_009,missingindicator_cn_008,0.9851738644720918
missingindicator_az_009,missingindicator_cn_007,0.9851738644720918
missingindicator_ay_007,missingindicator_cn_004,0.9851738644720918
missingindicator_ay_007,missingindicator_cn_003,0.9851738644720918
missingindicator_ay_007,missingindicator_cn_002,0.9851738644720918
missingindicator_ay_007,missingindicator_cn_001,0.9851738644720918
missingindicator_ay_007,missingindicator_cn_000,0.9851738644720918
missingindicator_ay_003,missingindicator_cn_006,0.9851738644720918
missingindicator_ay_003,missingindicator_cn_005,0.9851738644720918
missingindicator_ay_003,missingindicator_cn_004,0.9851738644720918
missingindicator_ay_003,missingindicator_cn_003,0.9851738644720918
missingindicator_cn_009,missingindicator_ee_005,0.9851738644720918
missingindicator_cn_009,missingindicator_ee_004,0.9851738644720918
missingindicator_cn_009,missingindicator_ee_003,0.9851738644720918
missingindicator_cn_009,missingindicator_ee_002,0.9851738644720918
missingindicator_cn_009,missingindicator_ee_001,0.9851738644720918
missingindicator_cn_009,missingindicator_ee_000,0.9851738644720918
missingindicator_ay_004,missingindicator_cn_007,0.9851738644720918
missingindicator_ay_007,missingindicator_cn_008,0.9851738644720918
missingindicator_ay_007,missingindicator_cn_007,0.9851738644720918
missingindicator_ay_007,missingindicator_cn_006,0.9851738644720918
missingindicator_ay_007,missingindicator_cn_005,0.9851738644720918
missingindicator_cn_008,missingindicator_ee_000,0.9851738644720918
missingindicator_cn_007,missingindicator_ee_009,0.9851738644720918
missingindicator_cn_007,missingindicator_ee_008,0.9851738644720918
missingindicator_cn_007,missingindicator_ee_007,0.9851738644720918
missingindicator_cn_007,missingindicator_ee_006,0.9851738644720918
missingindicator_cn_007,missingindicator_ee_005,0.9851738644720918
missingindicator_az_008,missingindicator_cn_004,0.9851738644720918
missingindicator_az_005,missingindicator_cn_004,0.9851738644720918
missingindicator_az_005,missingindicator_cn_003,0.9851738644720918
missingindicator_az_005,missingindicator_cn_002,0.9851738644720918
missingindicator_az_005,missingindicator_cn_001,0.9851738644720918
missingindicator_az_005,missingindicator_cn_000,0.9851738644720918
missingindicator_ay_008,missingindicator_cn_004,0.9851738644720918
missingindicator_ay_008,missingindicator_cn_003,0.9851738644720918
missingindicator_ay_008,missingindicator_cn_002,0.9851738644720918
missingindicator_ay_008,missingindicator_cn_001,0.9851738644720918
missingindicator_ay_007,missingindicator_cn_009,0.9851738644720918
missingindicator_ay_004,missingindicator_cn_009,0.9851738644720918
missingindicator_ay_004,missingindicator_cn_008,0.9851738644720918
missingindicator_az_006,missingindicator_cn_004,0.9851738644720918
missingindicator_az_006,missingindicator_cn_003,0.9851738644720918
missingindicator_az_006,missingindicator_cn_002,0.9851738644720918
missingindicator_az_006,missingindicator_cn_001,0.9851738644720918
missingindicator_az_006,missingindicator_cn_000,0.9851738644720918
missingindicator_az_007,missingindicator_cn_001,0.9851738644720918
missingindicator_az_007,missingindicator_cn_000,0.9851738644720918
missingindicator_ay_003,missingindicator_cn_000,0.9851738644720918
missingindicator_ay_006,missingindicator_cn_007,0.9851738644720918
missingindicator_ay_006,missingindicator_cn_006,0.9851738644720918
missingindicator_az_005,missingindicator_cn_009,0.9851738644720918
missingindicator_az_005,missingindicator_cn_008,0.9851738644720918
missingindicator_az_005,missingindicator_cn_007,0.9851738644720918
missingindicator_az_005,missingindicator_cn_006,0.9851738644720918
missingindicator_az_005,missingindicator_cn_005,0.9851738644720918
missingindicator_cn_006,missingindicator_ee_009,0.9851738644720918
missingindicator_ay_008,missingindicator_cn_006,0.9851738644720918
missingindicator_ay_008,missingindicator_cn_005,0.9851738644720918
missingindicator_ay_004,missingindicator_cn_006,0.9851738644720918
missingindicator_ay_004,missingindicator_cn_005,0.9851738644720918
missingindicator_ay_004,missingindicator_cn_004,0.9851738644720918
missingindicator_ay_003,missingindicator_cn_002,0.9851738644720918
missingindicator_ay_003,missingindicator_cn_001,0.9851738644720918
missingindicator_az_006,missingindicator_cn_007,0.9851738644720918
missingindicator_az_006,missingindicator_cn_006,0.9851738644720918
missingindicator_az_006,missingindicator_cn_005,0.9851738644720918
missingindicator_ay_003,missingindicator_cn_007,0.9851738644720918
missingindicator_cn_000,missingindicator_ee_008,0.9851738644720918
missingindicator_cn_000,missingindicator_ee_007,0.9851738644720918
missingindicator_cn_000,missingindicator_ee_006,0.9851738644720918
missingindicator_cn_000,missingindicator_ee_005,0.9851738644720918
missingindicator_cn_000,missingindicator_ee_004,0.9851738644720918
missingindicator_cn_000,missingindicator_ee_003,0.9851738644720918
missingindicator_cn_000,missingindicator_ee_002,0.9851738644720918
missingindicator_cn_000,missingindicator_ee_001,0.9851738644720918
missingindicator_cn_002,missingindicator_ee_004,0.9851738644720918
missingindicator_ay_006,missingindicator_cn_001,0.9851738644720918
missingindicator_ay_006,missingindicator_cn_000,0.9851738644720918
missingindicator_az_004,missingindicator_cn_009,0.9851738644720918
missingindicator_az_004,missingindicator_cn_008,0.9851738644720918
missingindicator_az_004,missingindicator_cn_007,0.9851738644720918
missingindicator_cn_006,missingindicator_ee_006,0.9851738644720918
missingindicator_cn_006,missingindicator_ee_005,0.9851738644720918
missingindicator_cn_006,missingindicator_ee_004,0.9851738644720918
missingindicator_cn_006,missingindicator_ee_003,0.9851738644720918
missingindicator_cn_007,missingindicator_ee_004,0.9851738644720918
missingindicator_cn_007,missingindicator_ee_003,0.9851738644720918
missingindicator_cn_007,missingindicator_ee_002,0.9851738644720918
missingindicator_cn_007,missingindicator_ee_001,0.9851738644720918
missingindicator_cn_007,missingindicator_ee_000,0.9851738644720918
missingindicator_az_003,missingindicator_cn_009,0.9851738644720918
missingindicator_az_003,missingindicator_cn_008,0.9851738644720918
missingindicator_az_003,missingindicator_cn_007,0.9851738644720918
missingindicator_ay_008,missingindicator_cn_000,0.9851738644720918
missingindicator_cn_006,missingindicator_ee_008,0.9851738644720918
missingindicator_cn_006,missingindicator_ee_007,0.9851738644720918
missingindicator_ay_006,missingindicator_cn_005,0.9851738644720918
missingindicator_ay_006,missingindicator_cn_004,0.9851738644720918
missingindicator_ay_006,missingindicator_cn_003,0.9851738644720918
missingindicator_ay_006,missingindicator_cn_002,0.9851738644720918
missingindicator_cn_002,missingindicator_ee_003,0.9851738644720918
missingindicator_cn_002,missingindicator_ee_002,0.9851738644720918
missingindicator_cn_002,missingindicator_ee_001,0.9851738644720918
missingindicator_cn_003,missingindicator_ee_004,0.9851738644720918
missingindicator_cn_003,missingindicator_ee_003,0.9851738644720918
missingindicator_cn_003,missingindicator_ee_002,0.9851738644720918
missingindicator_cn_003,missingindicator_ee_001,0.9851738644720918
missingindicator_cn_003,missingindicator_ee_000,0.9851738644720918
missingindicator_ay_002,missingindicator_cn_008,0.9851738644720918
missingindicator_ay_002,missingindicator_cn_007,0.9851738644720918
missingindicator_ay_002,missingindicator_cn_006,0.9851738644720918
missingindicator_az_007,missingindicator_cn_002,0.9851738644720918
missingindicator_az_007,missingindicator_cn_009,0.9851738644720918
missingindicator_az_007,missingindicator_cn_008,0.9851738644720918
missingindicator_az_007,missingindicator_cn_007,0.9851738644720918
missingindicator_ay_008,missingindicator_cn_008,0.9851738644720918
missingindicator_ay_008,missingindicator_cn_007,0.9851738644720918
missingindicator_az_003,missingindicator_cn_006,0.9851738644720918
missingindicator_ay_000,missingindicator_cn_000,0.9851738644720918
missingindicator_az_004,missingindicator_cn_006,0.9851738644720918
missingindicator_az_004,missingindicator_cn_005,0.9851738644720918
missingindicator_az_004,missingindicator_cn_004,0.9851738644720918
missingindicator_az_004,missingindicator_cn_003,0.9851738644720918
missingindicator_az_004,missingindicator_cn_002,0.9851738644720918
missingindicator_az_004,missingindicator_cn_001,0.9851738644720918
missingindicator_az_004,missingindicator_cn_000,0.9851738644720918
missingindicator_ay_000,missingindicator_cn_007,0.9851738644720918
missingindicator_ay_000,missingindicator_cn_006,0.9851738644720918
missingindicator_ay_000,missingindicator_cn_005,0.9851738644720918
missingindicator_ay_000,missingindicator_cn_004,0.9851738644720918
missingindicator_ay_000,missingindicator_cn_003,0.9851738644720918
missingindicator_ay_000,missingindicator_cn_002,0.9851738644720918
missingindicator_ay_000,missingindicator_cn_001,0.9851738644720918
missingindicator_ay_000,missingindicator_cn_009,0.9851738644720918
missingindicator_cn_005,missingindicator_ee_001,0.9851738644720918
missingindicator_cn_005,missingindicator_ee_000,0.9851738644720918
missingindicator_ay_009,missingindicator_cn_008,0.9851738644720918
missingindicator_ay_009,missingindicator_cn_007,0.9851738644720918
missingindicator_cn_006,missingindicator_ee_002,0.9851738644720918
missingindicator_cn_006,missingindicator_ee_001,0.9851738644720918
missingindicator_cn_006,missingindicator_ee_000,0.9851738644720918
missingindicator_ay_008,missingindicator_cn_009,0.9851738644720918
missingindicator_ay_001,missingindicator_cn_002,0.9851738644720918
missingindicator_cn_004,missingindicator_ee_009,0.9851738644720918
missingindicator_cn_004,missingindicator_ee_008,0.9851738644720918
missingindicator_cn_005,missingindicator_ee_009,0.9851738644720918
missingindicator_cn_005,missingindicator_ee_008,0.9851738644720918
missingindicator_cn_005,missingindicator_ee_007,0.9851738644720918
missingindicator_cn_005,missingindicator_ee_006,0.9851738644720918
missingindicator_cn_005,missingindicator_ee_005,0.9851738644720918
missingindicator_cn_005,missingindicator_ee_004,0.9851738644720918
missingindicator_cn_005,missingindicator_ee_003,0.9851738644720918
missingindicator_cn_005,missingindicator_ee_002,0.9851738644720918
missingindicator_ay_000,missingindicator_cn_008,0.9851738644720918
missingindicator_ay_001,missingindicator_cn_000,0.9851738644720918
missingindicator_az_003,missingindicator_cn_005,0.9851738644720918
missingindicator_az_003,missingindicator_cn_004,0.9851738644720918
missingindicator_az_003,missingindicator_cn_003,0.9851738644720918
missingindicator_az_003,missingindicator_cn_002,0.9851738644720918
missingindicator_az_003,missingindicator_cn_001,0.9851738644720918
missingindicator_az_003,missingindicator_cn_000,0.9851738644720918
missingindicator_az_008,missingindicator_cn_003,0.9851738644720918
missingindicator_az_008,missingindicator_cn_002,0.9851738644720918
missingindicator_az_008,missingindicator_cn_001,0.9851738644720918
missingindicator_az_008,missingindicator_cn_000,0.9851738644720918
missingindicator_ay_002,missingindicator_cn_009,0.9851738644720918
missingindicator_cn_002,missingindicator_ee_009,0.9851738644720918
missingindicator_az_000,missingindicator_cn_009,0.9851738644720918
missingindicator_az_000,missingindicator_cn_008,0.9851738644720918
missingindicator_az_000,missingindicator_cn_007,0.9851738644720918
missingindicator_cn_004,missingindicator_ee_007,0.9851738644720918
missingindicator_cn_004,missingindicator_ee_006,0.9851738644720918
missingindicator_cn_004,missingindicator_ee_005,0.9851738644720918
missingindicator_cn_004,missingindicator_ee_004,0.9851738644720918
missingindicator_cn_004,missingindicator_ee_003,0.9851738644720918
missingindicator_cn_004,missingindicator_ee_002,0.9851738644720918
missingindicator_cn_004,missingindicator_ee_001,0.9851738644720918
missingindicator_cn_004,missingindicator_ee_000,0.9851738644720918
missingindicator_cn_003,missingindicator_ee_009,0.9851738644720918
missingindicator_cn_003,missingindicator_ee_008,0.9851738644720918
missingindicator_cn_003,missingindicator_ee_007,0.9851738644720918
missingindicator_ay_009,missingindicator_cn_009,0.9851738644720918
missingindicator_ay_009,missingindicator_cn_006,0.9851738644720918
missingindicator_ay_009,missingindicator_cn_005,0.9851738644720918
missingindicator_ay_009,missingindicator_cn_004,0.9851738644720918
missingindicator_ay_009,missingindicator_cn_003,0.9851738644720918
missingindicator_ay_009,missingindicator_cn_002,0.9851738644720918
missingindicator_ay_009,missingindicator_cn_001,0.9851738644720918
missingindicator_ay_009,missingindicator_cn_000,0.9851738644720918
missingindicator_az_002,missingindicator_cn_009,0.9851738644720918
missingindicator_az_002,missingindicator_cn_008,0.9851738644720918
missingindicator_az_002,missingindicator_cn_007,0.9851738644720918
missingindicator_az_002,missingindicator_cn_006,0.9851738644720918
missingindicator_az_002,missingindicator_cn_005,0.9851738644720918
missingindicator_az_002,missingindicator_cn_004,0.9851738644720918
missingindicator_az_002,missingindicator_cn_003,0.9851738644720918
missingindicator_ay_001,missingindicator_cn_001,0.9851738644720918
missingindicator_az_008,missingindicator_cn_009,0.9851738644720918
missingindicator_az_008,missingindicator_cn_008,0.9851738644720918
missingindicator_az_008,missingindicator_cn_007,0.9851738644720918
missingindicator_az_008,missingindicator_cn_006,0.9851738644720918
missingindicator_az_008,missingindicator_cn_005,0.9851738644720918
missingindicator_az_007,missingindicator_cn_006,0.9851738644720918
missingindicator_az_007,missingindicator_cn_005,0.9851738644720918
missingindicator_az_007,missingindicator_cn_004,0.9851738644720918
missingindicator_az_007,missingindicator_cn_003,0.9851738644720918
missingindicator_cn_003,missingindicator_ee_005,0.9851738644720918
missingindicator_cn_003,missingindicator_ee_006,0.9851738644720918
missingindicator_ay_002,missingindicator_cn_001,0.9851738644720918
missingindicator_ay_002,missingindicator_cn_000,0.9851738644720918
missingindicator_ay_001,missingindicator_cn_009,0.9851738644720918
missingindicator_ay_001,missingindicator_cn_008,0.9851738644720918
missingindicator_ay_001,missingindicator_cn_007,0.9851738644720918
missingindicator_ay_001,missingindicator_cn_006,0.9851738644720918
missingindicator_ay_001,missingindicator_cn_005,0.9851738644720918
missingindicator_ay_001,missingindicator_cn_004,0.9851738644720918
missingindicator_ay_001,missingindicator_cn_003,0.9851738644720918
missingindicator_ay_002,missingindicator_cn_005,0.9851738644720918
missingindicator_ay_002,missingindicator_cn_004,0.9851738644720918
missingindicator_ay_002,missingindicator_cn_003,0.9851738644720918
missingindicator_ay_002,missingindicator_cn_002,0.9851738644720918
missingindicator_az_001,missingindicator_cn_000,0.9851738644720918
missingindicator_az_000,missingindicator_cn_006,0.9851738644720918
missingindicator_az_000,missingindicator_cn_005,0.9851738644720918
missingindicator_az_000,missingindicator_cn_004,0.9851738644720918
missingindicator_az_000,missingindicator_cn_003,0.9851738644720918
missingindicator_az_000,missingindicator_cn_002,0.9851738644720918
missingindicator_az_000,missingindicator_cn_001,0.9851738644720918
missingindicator_az_000,missingindicator_cn_000,0.9851738644720918
missingindicator_ay_006,missingindicator_cn_009,0.9851738644720918
missingindicator_ay_006,missingindicator_cn_008,0.9851738644720918
missingindicator_ay_005,missingindicator_cn_001,0.9851738644720918
missingindicator_ay_005,missingindicator_cn_000,0.9851738644720918
missingindicator_ay_003,missingindicator_cn_009,0.9851738644720918
missingindicator_az_001,missingindicator_cn_006,0.9851738644720918
missingindicator_az_001,missingindicator_cn_005,0.9851738644720918
missingindicator_cn_002,missingindicator_ee_000,0.9851738644720918
missingindicator_az_001,missingindicator_cn_008,0.9851738644720918
missingindicator_ay_004,missingindicator_cn_003,0.9851738644720918
missingindicator_ay_004,missingindicator_cn_002,0.9851738644720918
missingindicator_ay_004,missingindicator_cn_001,0.9851738644720918
missingindicator_ay_004,missingindicator_cn_000,0.9851738644720918
missingindicator_ag_007,missingindicator_ba_001,0.9844492856748264
missingindicator_ag_007,missingindicator_ba_002,0.9844492856748264
missingindicator_ag_007,missingindicator_ba_003,0.9844492856748264
missingindicator_ag_007,missingindicator_ba_004,0.9844492856748264
missingindicator_ag_007,missingindicator_ba_005,0.9844492856748264
missingindicator_ag_007,missingindicator_ba_006,0.9844492856748264
missingindicator_ag_009,missingindicator_ba_005,0.9844492856748264
missingindicator_ag_001,missingindicator_ba_000,0.9844492856748264
missingindicator_ag_007,missingindicator_ba_000,0.9844492856748264
missingindicator_ag_006,missingindicator_ba_004,0.9844492856748264
missingindicator_ag_006,missingindicator_ba_005,0.9844492856748264
missingindicator_ag_006,missingindicator_ba_003,0.9844492856748264
missingindicator_ag_008,missingindicator_ba_000,0.9844492856748264
missingindicator_ag_000,missingindicator_ba_002,0.9844492856748264
missingindicator_ag_000,missingindicator_ba_003,0.9844492856748264
missingindicator_ag_000,missingindicator_ba_004,0.9844492856748264
missingindicator_ag_006,missingindicator_ba_000,0.9844492856748264
missingindicator_ag_006,missingindicator_ba_001,0.9844492856748264
missingindicator_ag_006,missingindicator_ba_002,0.9844492856748264
missingindicator_ag_001,missingindicator_ba_001,0.9844492856748264
missingindicator_ag_001,missingindicator_ba_002,0.9844492856748264
missingindicator_ag_001,missingindicator_ba_003,0.9844492856748264
missingindicator_ag_001,missingindicator_ba_004,0.9844492856748264
missingindicator_ag_001,missingindicator_ba_005,0.9844492856748264
missingindicator_ag_001,missingindicator_ba_006,0.9844492856748264
missingindicator_ag_001,missingindicator_ba_007,0.9844492856748264
missingindicator_ag_001,missingindicator_ba_008,0.9844492856748264
missingindicator_ag_006,missingindicator_ba_006,0.9844492856748264
missingindicator_ag_006,missingindicator_ba_007,0.9844492856748264
missingindicator_ag_006,missingindicator_ba_008,0.9844492856748264
missingindicator_ag_006,missingindicator_ba_009,0.9844492856748264
missingindicator_ag_008,missingindicator_ba_001,0.9844492856748264
missingindicator_ag_008,missingindicator_ba_002,0.9844492856748264
missingindicator_ag_008,missingindicator_ba_003,0.9844492856748264
missingindicator_ag_008,missingindicator_ba_004,0.9844492856748264
missingindicator_ag_008,missingindicator_ba_005,0.9844492856748264
missingindicator_ag_008,missingindicator_ba_006,0.9844492856748264
missingindicator_ag_008,missingindicator_ba_007,0.9844492856748264
missingindicator_ag_008,missingindicator_ba_008,0.9844492856748264
missingindicator_ag_008,missingindicator_ba_009,0.9844492856748264
missingindicator_ag_005,missingindicator_ba_000,0.9844492856748264
missingindicator_ag_005,missingindicator_ba_001,0.9844492856748264
missingindicator_ag_005,missingindicator_ba_002,0.9844492856748264
missingindicator_ag_005,missingindicator_ba_003,0.9844492856748264
missingindicator_ag_009,missingindicator_ba_000,0.9844492856748264
missingindicator_ag_009,missingindicator_ba_001,0.9844492856748264
missingindicator_ag_009,missingindicator_ba_002,0.9844492856748264
missingindicator_ag_005,missingindicator_ba_008,0.9844492856748264
missingindicator_ag_005,missingindicator_ba_009,0.9844492856748264
missingindicator_ag_001,missingindicator_ba_009,0.9844492856748264
missingindicator_ag_005,missingindicator_ba_004,0.9844492856748264
missingindicator_ag_005,missingindicator_ba_005,0.9844492856748264
missingindicator_ag_005,missingindicator_ba_006,0.9844492856748264
missingindicator_ag_005,missingindicator_ba_007,0.9844492856748264
missingindicator_ag_009,missingindicator_ba_003,0.9844492856748264
missingindicator_ag_009,missingindicator_ba_004,0.9844492856748264
missingindicator_ag_000,missingindicator_ba_008,0.9844492856748264
missingindicator_ag_000,missingindicator_ba_009,0.9844492856748264
missingindicator_ag_004,missingindicator_ba_000,0.9844492856748264
missingindicator_ag_004,missingindicator_ba_001,0.9844492856748264
missingindicator_ag_004,missingindicator_ba_002,0.9844492856748264
missingindicator_ag_004,missingindicator_ba_003,0.9844492856748264
missingindicator_ag_004,missingindicator_ba_008,0.9844492856748264
missingindicator_ag_004,missingindicator_ba_009,0.9844492856748264
missingindicator_ag_002,missingindicator_ba_008,0.9844492856748264
missingindicator_ag_002,missingindicator_ba_009,0.9844492856748264
missingindicator_ag_002,missingindicator_ba_005,0.9844492856748264
missingindicator_ag_002,missingindicator_ba_006,0.9844492856748264
missingindicator_ag_002,missingindicator_ba_007,0.9844492856748264
missingindicator_ag_007,missingindicator_ba_007,0.9844492856748264
missingindicator_ag_003,missingindicator_ba_002,0.9844492856748264
missingindicator_ag_003,missingindicator_ba_003,0.9844492856748264
missingindicator_ag_003,missingindicator_ba_004,0.9844492856748264
missingindicator_ag_003,missingindicator_ba_005,0.9844492856748264
missingindicator_ag_000,missingindicator_ba_006,0.9844492856748264
missingindicator_ag_000,missingindicator_ba_007,0.9844492856748264
missingindicator_ag_003,missingindicator_ba_000,0.9844492856748264
missingindicator_ag_003,missingindicator_ba_001,0.9844492856748264
missingindicator_ag_000,missingindicator_ba_005,0.9844492856748264
missingindicator_ag_003,missingindicator_ba_009,0.9844492856748264
missingindicator_ag_000,missingindicator_ba_000,0.9844492856748264
missingindicator_ag_000,missingindicator_ba_001,0.9844492856748264
missingindicator_ag_003,missingindicator_ba_006,0.9844492856748264
missingindicator_ag_003,missingindicator_ba_007,0.9844492856748264
missingindicator_ag_003,missingindicator_ba_008,0.9844492856748264
missingindicator_ag_002,missingindicator_ba_000,0.9844492856748264
missingindicator_ag_002,missingindicator_ba_001,0.9844492856748264
missingindicator_ag_002,missingindicator_ba_002,0.9844492856748264
missingindicator_ag_002,missingindicator_ba_003,0.9844492856748264
missingindicator_ag_002,missingindicator_ba_004,0.9844492856748264
missingindicator_ag_009,missingindicator_ba_007,0.9844492856748264
missingindicator_ag_009,missingindicator_ba_008,0.9844492856748264
missingindicator_ag_009,missingindicator_ba_009,0.9844492856748264
missingindicator_ag_004,missingindicator_ba_004,0.9844492856748264
missingindicator_ag_004,missingindicator_ba_005,0.9844492856748264
missingindicator_ag_004,missingindicator_ba_006,0.9844492856748264
missingindicator_ag_004,missingindicator_ba_007,0.9844492856748264
missingindicator_ag_009,missingindicator_ba_006,0.9844492856748264
missingindicator_ag_007,missingindicator_ba_008,0.9844492856748264
missingindicator_ag_007,missingindicator_ba_009,0.9844492856748264
missingindicator_ay_004,missingindicator_ba_007,0.9844492856748203
missingindicator_ba_000,missingindicator_ee_009,0.9844492856748203
missingindicator_ba_000,missingindicator_ee_008,0.9844492856748203
missingindicator_ba_000,missingindicator_ee_007,0.9844492856748203
missingindicator_ba_000,missingindicator_ee_006,0.9844492856748203
missingindicator_ba_000,missingindicator_ee_005,0.9844492856748203
missingindicator_ba_000,missingindicator_ee_004,0.9844492856748203
missingindicator_ay_004,missingindicator_ba_003,0.9844492856748203
missingindicator_az_001,missingindicator_ba_009,0.9844492856748203
missingindicator_az_001,missingindicator_ba_008,0.9844492856748203
missingindicator_az_001,missingindicator_ba_007,0.9844492856748203
missingindicator_az_001,missingindicator_ba_006,0.9844492856748203
missingindicator_ay_004,missingindicator_ba_000,0.9844492856748203
missingindicator_ay_004,missingindicator_ba_001,0.9844492856748203
missingindicator_ay_004,missingindicator_ba_002,0.9844492856748203
missingindicator_ay_005,missingindicator_ba_003,0.9844492856748203
missingindicator_ay_005,missingindicator_ba_004,0.9844492856748203
missingindicator_ay_005,missingindicator_ba_005,0.9844492856748203
missingindicator_ay_005,missingindicator_ba_006,0.9844492856748203
missingindicator_ay_005,missingindicator_ba_007,0.9844492856748203
missingindicator_ba_001,missingindicator_ee_009,0.9844492856748203
missingindicator_az_009,missingindicator_ba_006,0.9844492856748203
missingindicator_az_009,missingindicator_ba_007,0.9844492856748203
missingindicator_az_009,missingindicator_ba_008,0.9844492856748203
missingindicator_az_009,missingindicator_ba_009,0.9844492856748203
missingindicator_az_009,missingindicator_ba_000,0.9844492856748203
missingindicator_az_009,missingindicator_ba_001,0.9844492856748203
missingindicator_az_009,missingindicator_ba_002,0.9844492856748203
missingindicator_ay_002,missingindicator_ba_003,0.9844492856748203
missingindicator_ay_002,missingindicator_ba_004,0.9844492856748203
missingindicator_ay_002,missingindicator_ba_005,0.9844492856748203
missingindicator_ay_002,missingindicator_ba_006,0.9844492856748203
missingindicator_ay_002,missingindicator_ba_007,0.9844492856748203
missingindicator_ay_002,missingindicator_ba_008,0.9844492856748203
missingindicator_ay_002,missingindicator_ba_009,0.9844492856748203
missingindicator_az_002,missingindicator_ba_007,0.9844492856748203
missingindicator_az_002,missingindicator_ba_008,0.9844492856748203
missingindicator_az_002,missingindicator_ba_009,0.9844492856748203
missingindicator_ay_003,missingindicator_ba_000,0.9844492856748203
missingindicator_ay_003,missingindicator_ba_001,0.9844492856748203
missingindicator_az_002,missingindicator_ba_000,0.9844492856748203
missingindicator_az_002,missingindicator_ba_001,0.9844492856748203
missingindicator_az_002,missingindicator_ba_002,0.9844492856748203
missingindicator_az_002,missingindicator_ba_003,0.9844492856748203
missingindicator_ay_001,missingindicator_ba_005,0.9844492856748203
missingindicator_ay_001,missingindicator_ba_006,0.9844492856748203
missingindicator_ay_001,missingindicator_ba_007,0.9844492856748203
missingindicator_az_003,missingindicator_ba_005,0.9844492856748203
missingindicator_az_003,missingindicator_ba_006,0.9844492856748203
missingindicator_ay_009,missingindicator_ba_005,0.9844492856748203
missingindicator_ay_009,missingindicator_ba_006,0.9844492856748203
missingindicator_ay_009,missingindicator_ba_007,0.9844492856748203
missingindicator_ay_009,missingindicator_ba_008,0.9844492856748203
missingindicator_ay_009,missingindicator_ba_009,0.9844492856748203
missingindicator_az_000,missingindicator_ba_007,0.9844492856748203
missingindicator_az_000,missingindicator_ba_008,0.9844492856748203
missingindicator_ay_001,missingindicator_ba_000,0.9844492856748203
missingindicator_ay_002,missingindicator_ba_000,0.9844492856748203
missingindicator_ay_002,missingindicator_ba_001,0.9844492856748203
missingindicator_ay_002,missingindicator_ba_002,0.9844492856748203
missingindicator_ay_009,missingindicator_ba_003,0.9844492856748203
missingindicator_ay_009,missingindicator_ba_004,0.9844492856748203
missingindicator_az_003,missingindicator_ba_000,0.9844492856748203
missingindicator_az_003,missingindicator_ba_001,0.9844492856748203
missingindicator_az_003,missingindicator_ba_002,0.9844492856748203
missingindicator_az_003,missingindicator_ba_003,0.9844492856748203
missingindicator_az_003,missingindicator_ba_004,0.9844492856748203
missingindicator_az_003,missingindicator_ba_007,0.9844492856748203
missingindicator_az_003,missingindicator_ba_008,0.9844492856748203
missingindicator_az_003,missingindicator_ba_009,0.9844492856748203
missingindicator_ay_001,missingindicator_ba_008,0.9844492856748203
missingindicator_ay_001,missingindicator_ba_009,0.9844492856748203
missingindicator_ay_001,missingindicator_ba_001,0.9844492856748203
missingindicator_ay_001,missingindicator_ba_002,0.9844492856748203
missingindicator_ay_001,missingindicator_ba_003,0.9844492856748203
missingindicator_ay_001,missingindicator_ba_004,0.9844492856748203
missingindicator_ay_000,missingindicator_ba_003,0.9844492856748203
missingindicator_ay_000,missingindicator_ba_004,0.9844492856748203
missingindicator_ay_000,missingindicator_ba_005,0.9844492856748203
missingindicator_ay_000,missingindicator_ba_006,0.9844492856748203
missingindicator_ay_000,missingindicator_ba_007,0.9844492856748203
missingindicator_ay_000,missingindicator_ba_008,0.9844492856748203
missingindicator_ay_000,missingindicator_ba_009,0.9844492856748203
missingindicator_az_004,missingindicator_ba_001,0.9844492856748203
missingindicator_az_004,missingindicator_ba_002,0.9844492856748203
missingindicator_az_004,missingindicator_ba_003,0.9844492856748203
missingindicator_az_004,missingindicator_ba_004,0.9844492856748203
missingindicator_az_004,missingindicator_ba_005,0.9844492856748203
missingindicator_ay_009,missingindicator_ba_000,0.9844492856748203
missingindicator_ay_009,missingindicator_ba_001,0.9844492856748203
missingindicator_ay_009,missingindicator_ba_002,0.9844492856748203
missingindicator_ay_000,missingindicator_ba_000,0.9844492856748203
missingindicator_az_005,missingindicator_ba_005,0.9844492856748203
missingindicator_az_005,missingindicator_ba_006,0.9844492856748203
missingindicator_az_005,missingindicator_ba_007,0.9844492856748203
missingindicator_az_004,missingindicator_ba_006,0.9844492856748203
missingindicator_ay_008,missingindicator_ba_001,0.9844492856748203
missingindicator_ay_008,missingindicator_ba_002,0.9844492856748203
missingindicator_ay_008,missingindicator_ba_003,0.9844492856748203
missingindicator_ay_008,missingindicator_ba_004,0.9844492856748203
missingindicator_ay_008,missingindicator_ba_005,0.9844492856748203
missingindicator_ay_008,missingindicator_ba_006,0.9844492856748203
missingindicator_ay_008,missingindicator_ba_007,0.9844492856748203
missingindicator_ay_008,missingindicator_ba_008,0.9844492856748203
missingindicator_ay_008,missingindicator_ba_009,0.9844492856748203
missingindicator_az_004,missingindicator_ba_009,0.9844492856748203
missingindicator_ay_000,missingindicator_ba_001,0.9844492856748203
missingindicator_ay_000,missingindicator_ba_002,0.9844492856748203
missingindicator_az_004,missingindicator_ba_008,0.9844492856748203
missingindicator_ba_009,missingindicator_ee_001,0.9844492856748203
missingindicator_ba_009,missingindicator_ee_002,0.9844492856748203
missingindicator_ba_009,missingindicator_ee_003,0.9844492856748203
missingindicator_ba_009,missingindicator_ee_004,0.9844492856748203
missingindicator_ba_009,missingindicator_ee_005,0.9844492856748203
missingindicator_ba_009,missingindicator_ee_006,0.9844492856748203
missingindicator_ba_009,missingindicator_ee_007,0.9844492856748203
missingindicator_ba_009,missingindicator_ee_008,0.9844492856748203
missingindicator_ba_009,missingindicator_ee_009,0.9844492856748203
missingindicator_az_005,missingindicator_ba_000,0.9844492856748203
missingindicator_az_005,missingindicator_ba_001,0.9844492856748203
missingindicator_az_005,missingindicator_ba_002,0.9844492856748203
missingindicator_az_005,missingindicator_ba_003,0.9844492856748203
missingindicator_az_005,missingindicator_ba_004,0.9844492856748203
missingindicator_az_004,missingindicator_ba_000,0.9844492856748203
missingindicator_ay_008,missingindicator_ba_000,0.9844492856748203
missingindicator_ba_007,missingindicator_ee_009,0.9844492856748203
missingindicator_ba_008,missingindicator_ee_000,0.9844492856748203
missingindicator_ba_008,missingindicator_ee_001,0.9844492856748203
missingindicator_ba_008,missingindicator_ee_002,0.9844492856748203
missingindicator_ba_008,missingindicator_ee_003,0.9844492856748203
missingindicator_ba_008,missingindicator_ee_004,0.9844492856748203
missingindicator_ba_008,missingindicator_ee_005,0.9844492856748203
missingindicator_ba_008,missingindicator_ee_006,0.9844492856748203
missingindicator_ba_008,missingindicator_ee_007,0.9844492856748203
missingindicator_ba_008,missingindicator_ee_008,0.9844492856748203
missingindicator_ba_008,missingindicator_ee_009,0.9844492856748203
missingindicator_az_005,missingindicator_ba_008,0.9844492856748203
missingindicator_az_005,missingindicator_ba_009,0.9844492856748203
missingindicator_ba_009,missingindicator_ee_000,0.9844492856748203
missingindicator_az_004,missingindicator_ba_007,0.9844492856748203
missingindicator_az_006,missingindicator_ba_006,0.9844492856748203
missingindicator_az_006,missingindicator_ba_007,0.9844492856748203
missingindicator_az_006,missingindicator_ba_008,0.9844492856748203
missingindicator_az_006,missingindicator_ba_009,0.9844492856748203
missingindicator_ba_006,missingindicator_ee_007,0.9844492856748203
missingindicator_ba_006,missingindicator_ee_008,0.9844492856748203
missingindicator_ba_006,missingindicator_ee_009,0.9844492856748203
missingindicator_ba_007,missingindicator_ee_000,0.9844492856748203
missingindicator_ba_007,missingindicator_ee_001,0.9844492856748203
missingindicator_ba_007,missingindicator_ee_002,0.9844492856748203
missingindicator_ba_007,missingindicator_ee_003,0.9844492856748203
missingindicator_ba_007,missingindicator_ee_004,0.9844492856748203
missingindicator_ba_007,missingindicator_ee_005,0.9844492856748203
missingindicator_ba_007,missingindicator_ee_006,0.9844492856748203
missingindicator_ba_007,missingindicator_ee_007,0.9844492856748203
missingindicator_ba_007,missingindicator_ee_008,0.9844492856748203
missingindicator_ba_006,missingindicator_ee_006,0.9844492856748203
missingindicator_az_006,missingindicator_ba_000,0.9844492856748203
missingindicator_az_006,missingindicator_ba_001,0.9844492856748203
missingindicator_ay_007,missingindicator_ba_000,0.9844492856748203
missingindicator_ay_007,missingindicator_ba_001,0.9844492856748203
missingindicator_ay_007,missingindicator_ba_002,0.9844492856748203
missingindicator_ay_007,missingindicator_ba_003,0.9844492856748203
missingindicator_ay_007,missingindicator_ba_004,0.9844492856748203
missingindicator_ay_007,missingindicator_ba_005,0.9844492856748203
missingindicator_ay_007,missingindicator_ba_006,0.9844492856748203
missingindicator_ay_007,missingindicator_ba_007,0.9844492856748203
missingindicator_ay_007,missingindicator_ba_008,0.9844492856748203
missingindicator_az_006,missingindicator_ba_002,0.9844492856748203
missingindicator_az_006,missingindicator_ba_003,0.9844492856748203
missingindicator_az_006,missingindicator_ba_004,0.9844492856748203
missingindicator_az_006,missingindicator_ba_005,0.9844492856748203
missingindicator_ba_005,missingindicator_ee_001,0.9844492856748203
missingindicator_ba_005,missingindicator_ee_002,0.9844492856748203
missingindicator_ba_005,missingindicator_ee_003,0.9844492856748203
missingindicator_ba_005,missingindicator_ee_004,0.9844492856748203
missingindicator_ay_007,missingindicator_ba_009,0.9844492856748203
missingindicator_ba_005,missingindicator_ee_005,0.9844492856748203
missingindicator_ba_005,missingindicator_ee_006,0.9844492856748203
missingindicator_ba_005,missingindicator_ee_007,0.9844492856748203
missingindicator_ba_005,missingindicator_ee_008,0.9844492856748203
missingindicator_ba_005,missingindicator_ee_009,0.9844492856748203
missingindicator_ba_006,missingindicator_ee_000,0.9844492856748203
missingindicator_ba_006,missingindicator_ee_001,0.9844492856748203
missingindicator_ba_006,missingindicator_ee_002,0.9844492856748203
missingindicator_ba_006,missingindicator_ee_003,0.9844492856748203
missingindicator_ba_006,missingindicator_ee_004,0.9844492856748203
missingindicator_ba_006,missingindicator_ee_005,0.9844492856748203
missingindicator_ay_003,missingindicator_ba_002,0.9844492856748203
missingindicator_ay_003,missingindicator_ba_003,0.9844492856748203
missingindicator_ay_003,missingindicator_ba_004,0.9844492856748203
missingindicator_ay_003,missingindicator_ba_005,0.9844492856748203
missingindicator_ay_003,missingindicator_ba_006,0.9844492856748203
missingindicator_ay_003,missingindicator_ba_007,0.9844492856748203
missingindicator_ay_003,missingindicator_ba_008,0.9844492856748203
missingindicator_ay_003,missingindicator_ba_009,0.9844492856748203
missingindicator_az_007,missingindicator_ba_004,0.9844492856748203
missingindicator_az_007,missingindicator_ba_005,0.9844492856748203
missingindicator_az_007,missingindicator_ba_006,0.9844492856748203
missingindicator_az_007,missingindicator_ba_007,0.9844492856748203
missingindicator_az_007,missingindicator_ba_008,0.9844492856748203
missingindicator_az_007,missingindicator_ba_009,0.9844492856748203
missingindicator_ba_004,missingindicator_ee_009,0.9844492856748203
missingindicator_ba_005,missingindicator_ee_000,0.9844492856748203
missingindicator_ba_004,missingindicator_ee_001,0.9844492856748203
missingindicator_ba_004,missingindicator_ee_002,0.9844492856748203
missingindicator_ba_004,missingindicator_ee_003,0.9844492856748203
missingindicator_ba_004,missingindicator_ee_004,0.9844492856748203
missingindicator_ba_004,missingindicator_ee_005,0.9844492856748203
missingindicator_ba_004,missingindicator_ee_006,0.9844492856748203
missingindicator_ba_004,missingindicator_ee_007,0.9844492856748203
missingindicator_ba_004,missingindicator_ee_008,0.9844492856748203
missingindicator_az_007,missingindicator_ba_000,0.9844492856748203
missingindicator_az_007,missingindicator_ba_001,0.9844492856748203
missingindicator_az_007,missingindicator_ba_002,0.9844492856748203
missingindicator_az_007,missingindicator_ba_003,0.9844492856748203
missingindicator_ay_006,missingindicator_ba_000,0.9844492856748203
missingindicator_ay_006,missingindicator_ba_001,0.9844492856748203
missingindicator_ay_006,missingindicator_ba_002,0.9844492856748203
missingindicator_ay_006,missingindicator_ba_003,0.9844492856748203
missingindicator_ay_005,missingindicator_ba_008,0.9844492856748203
missingindicator_ay_005,missingindicator_ba_009,0.9844492856748203
missingindicator_ba_003,missingindicator_ee_007,0.9844492856748203
missingindicator_ba_003,missingindicator_ee_008,0.9844492856748203
missingindicator_ba_003,missingindicator_ee_009,0.9844492856748203
missingindicator_az_008,missingindicator_ba_000,0.9844492856748203
missingindicator_az_008,missingindicator_ba_001,0.9844492856748203
missingindicator_az_008,missingindicator_ba_002,0.9844492856748203
missingindicator_az_008,missingindicator_ba_003,0.9844492856748203
missingindicator_az_008,missingindicator_ba_004,0.9844492856748203
missingindicator_az_008,missingindicator_ba_005,0.9844492856748203
missingindicator_az_008,missingindicator_ba_006,0.9844492856748203
missingindicator_az_008,missingindicator_ba_007,0.9844492856748203
missingindicator_az_008,missingindicator_ba_008,0.9844492856748203
missingindicator_az_008,missingindicator_ba_009,0.9844492856748203
missingindicator_ba_004,missingindicator_ee_000,0.9844492856748203
missingindicator_ay_005,missingindicator_ba_000,0.9844492856748203
missingindicator_ay_005,missingindicator_ba_001,0.9844492856748203
missingindicator_ay_005,missingindicator_ba_002,0.9844492856748203
missingindicator_ay_006,missingindicator_ba_004,0.9844492856748203
missingindicator_ay_006,missingindicator_ba_005,0.9844492856748203
missingindicator_ay_006,missingindicator_ba_006,0.9844492856748203
missingindicator_ay_006,missingindicator_ba_007,0.9844492856748203
missingindicator_ay_006,missingindicator_ba_008,0.9844492856748203
missingindicator_ay_006,missingindicator_ba_009,0.9844492856748203
missingindicator_ba_003,missingindicator_ee_000,0.9844492856748203
missingindicator_ba_003,missingindicator_ee_001,0.9844492856748203
missingindicator_ba_003,missingindicator_ee_002,0.9844492856748203
missingindicator_ba_003,missingindicator_ee_003,0.9844492856748203
missingindicator_ba_003,missingindicator_ee_004,0.9844492856748203
missingindicator_ba_003,missingindicator_ee_005,0.9844492856748203
missingindicator_ba_003,missingindicator_ee_006,0.9844492856748203
missingindicator_az_009,missingindicator_ba_003,0.9844492856748203
missingindicator_az_009,missingindicator_ba_004,0.9844492856748203
missingindicator_az_009,missingindicator_ba_005,0.9844492856748203
missingindicator_ay_004,missingindicator_ba_004,0.9844492856748203
missingindicator_ay_004,missingindicator_ba_005,0.9844492856748203
missingindicator_ay_004,missingindicator_ba_006,0.9844492856748203
missingindicator_ba_002,missingindicator_ee_000,0.9844492856748203
missingindicator_ba_002,missingindicator_ee_001,0.9844492856748203
missingindicator_ba_002,missingindicator_ee_002,0.9844492856748203
missingindicator_ba_002,missingindicator_ee_003,0.9844492856748203
missingindicator_ba_002,missingindicator_ee_004,0.9844492856748203
missingindicator_ba_002,missingindicator_ee_005,0.9844492856748203
missingindicator_ba_002,missingindicator_ee_006,0.9844492856748203
missingindicator_ba_002,missingindicator_ee_007,0.9844492856748203
missingindicator_ba_002,missingindicator_ee_008,0.9844492856748203
missingindicator_ba_002,missingindicator_ee_009,0.9844492856748203
missingindicator_az_000,missingindicator_ba_009,0.9844492856748203
missingindicator_ay_004,missingindicator_ba_008,0.9844492856748203
missingindicator_ay_004,missingindicator_ba_009,0.9844492856748203
missingindicator_ba_000,missingindicator_ee_000,0.9844492856748203
missingindicator_ba_000,missingindicator_ee_001,0.9844492856748203
missingindicator_ba_000,missingindicator_ee_002,0.9844492856748203
missingindicator_ba_000,missingindicator_ee_003,0.9844492856748203
missingindicator_ba_001,missingindicator_ee_000,0.9844492856748203
missingindicator_ba_001,missingindicator_ee_001,0.9844492856748203
missingindicator_ba_001,missingindicator_ee_002,0.9844492856748203
missingindicator_ba_001,missingindicator_ee_003,0.9844492856748203
missingindicator_ba_001,missingindicator_ee_004,0.9844492856748203
missingindicator_ba_001,missingindicator_ee_005,0.9844492856748203
missingindicator_ba_001,missingindicator_ee_006,0.9844492856748203
missingindicator_ba_001,missingindicator_ee_007,0.9844492856748203
missingindicator_ba_001,missingindicator_ee_008,0.9844492856748203
missingindicator_az_002,missingindicator_ba_004,0.9844492856748203
missingindicator_az_002,missingindicator_ba_005,0.9844492856748203
missingindicator_az_002,missingindicator_ba_006,0.9844492856748203
missingindicator_az_000,missingindicator_ba_000,0.9844492856748203
missingindicator_az_000,missingindicator_ba_001,0.9844492856748203
missingindicator_az_000,missingindicator_ba_002,0.9844492856748203
missingindicator_az_000,missingindicator_ba_003,0.9844492856748203
missingindicator_az_000,missingindicator_ba_004,0.9844492856748203
missingindicator_az_000,missingindicator_ba_005,0.9844492856748203
missingindicator_az_000,missingindicator_ba_006,0.9844492856748203
missingindicator_az_001,missingindicator_ba_000,0.9844492856748203
missingindicator_az_001,missingindicator_ba_001,0.9844492856748203
missingindicator_az_001,missingindicator_ba_002,0.9844492856748203
missingindicator_az_001,missingindicator_ba_003,0.9844492856748203
missingindicator_az_001,missingindicator_ba_004,0.9844492856748203
missingindicator_az_001,missingindicator_ba_005,0.9844492856748203
an_000,bv_000,0.9839711365382788
an_000,cq_000,0.9839711320733756
an_000,bu_000,0.9839711272622363
ah_000,bb_000,0.9833853951310761
bb_000,bg_000,0.9806904888069896
ah_000,bv_000,0.9804964526606833
ah_000,cq_000,0.9804964450252647
ah_000,bu_000,0.9804964386116137
missingindicator_cl_000,missingindicator_cm_000,0.9802982291667175
missingindicator_cm_000,missingindicator_ed_000,0.9802982291667175
bo_000,bp_000,0.9801007298486446
bg_000,bv_000,0.9795398475444866
bg_000,cq_000,0.979539839813442
bg_000,bu_000,0.9795398333351034
ao_000,bb_000,0.9738341510311357
bn_000,bo_000,0.9715409610099154
ao_000,bv_000,0.9713915867750892
ao_000,cq_000,0.9713915861434432
ao_000,bu_000,0.9713915806939841
ah_000,ao_000,0.971097262982659
bh_000,dn_000,0.9704669310829781
ao_000,bg_000,0.9697012372919523
ds_000,dt_000,0.969504498942546
missingindicator_ak_000,missingindicator_ca_000,0.9689687419137799
ba_003,ba_004,0.9669830664646586
ba_002,ba_003,0.9649715653248822
bt_000,ci_000,0.964175927921799
aa_000,ci_000,0.9629100187913089
aq_000,dn_000,0.962478539537919
missingindicator_cl_000,missingindicator_ec_00,0.959329931341056
missingindicator_ec_00,missingindicator_ed_000,0.959329931341056
aq_000,bh_000,0.9582596942032386
ag_006,cn_005,0.9567868937028841
missingindicator_ar_000,missingindicator_bf_000,0.9563181376502664
missingindicator_bf_000,missingindicator_dx_000,0.9563181376502662
missingindicator_bf_000,missingindicator_eg_000,0.9563181376502662
missingindicator_bf_000,missingindicator_ea_000,0.9563181376502662
missingindicator_bf_000,missingindicator_dz_000,0.9563181376502662
missingindicator_bf_000,missingindicator_bz_000,0.9563181376502662
missingindicator_bc_000,missingindicator_be_000,0.9561484492996419
missingindicator_bf_000,missingindicator_dy_000,0.9561342392122546
missingindicator_bf_000,missingindicator_ef_000,0.9561342392122546
missingindicator_bf_000,missingindicator_cp_000,0.9561342392122546
missingindicator_ae_000,missingindicator_de_000,0.9561342392122496
missingindicator_af_000,missingindicator_de_000,0.9561342392122496
missingindicator_bf_000,missingindicator_de_000,0.956134239212249
missingindicator_be_000,missingindicator_dq_000,0.9559647049982836
missingindicator_be_000,missingindicator_dp_000,0.9559647049982836
missingindicator_ae_000,missingindicator_bc_000,0.9559504404075363
missingindicator_af_000,missingindicator_bc_000,0.9559504404075363
missingindicator_be_000,missingindicator_do_000,0.955931880007551
missingindicator_av_000,missingindicator_bz_000,0.9559174247060952
missingindicator_av_000,missingindicator_eg_000,0.9559174247060952
missingindicator_ar_000,missingindicator_av_000,0.9559174247060952
missingindicator_av_000,missingindicator_ea_000,0.9559174247060952
missingindicator_av_000,missingindicator_dz_000,0.9559174247060952
missingindicator_av_000,missingindicator_dx_000,0.9559174247060952
missingindicator_af_000,missingindicator_ea_000,0.9559174247060915
missingindicator_ae_000,missingindicator_ar_000,0.9559174247060915
missingindicator_af_000,missingindicator_eg_000,0.9559174247060915
missingindicator_af_000,missingindicator_bz_000,0.9559174247060915
missingindicator_ae_000,missingindicator_eg_000,0.9559174247060915
missingindicator_af_000,missingindicator_ar_000,0.9559174247060915
missingindicator_ae_000,missingindicator_ea_000,0.9559174247060915
missingindicator_af_000,missingindicator_dx_000,0.9559174247060915
missingindicator_af_000,missingindicator_dz_000,0.9559174247060915
missingindicator_ae_000,missingindicator_bz_000,0.9559174247060915
missingindicator_ae_000,missingindicator_dz_000,0.9559174247060915
missingindicator_ae_000,missingindicator_dx_000,0.9559174247060915
ee_003,ee_004,0.9558991915181629
missingindicator_be_000,missingindicator_ds_000,0.955781060171117
missingindicator_be_000,missingindicator_dt_000,0.955781060171117
missingindicator_bd_000,missingindicator_be_000,0.9557810601711169
missingindicator_av_000,missingindicator_ef_000,0.9557335963297073
missingindicator_av_000,missingindicator_dy_000,0.9557335963297073
missingindicator_av_000,missingindicator_cp_000,0.9557335963297073
missingindicator_af_000,missingindicator_do_000,0.9557335963297058
missingindicator_ae_000,missingindicator_do_000,0.9557335963297058
missingindicator_ae_000,missingindicator_dy_000,0.9557335963297022
missingindicator_ae_000,missingindicator_ef_000,0.9557335963297022
missingindicator_af_000,missingindicator_cp_000,0.9557335963297022
missingindicator_af_000,missingindicator_ef_000,0.9557335963297022
missingindicator_ae_000,missingindicator_cp_000,0.9557335963297022
missingindicator_af_000,missingindicator_dy_000,0.9557335963297022
missingindicator_av_000,missingindicator_de_000,0.9557335963297019
missingindicator_ax_000,missingindicator_ea_000,0.9557164271177551
missingindicator_ax_000,missingindicator_bz_000,0.9557164271177551
missingindicator_ax_000,missingindicator_dx_000,0.9557164271177551
missingindicator_ar_000,missingindicator_ax_000,0.9557164271177551
missingindicator_ax_000,missingindicator_dz_000,0.9557164271177551
missingindicator_ax_000,missingindicator_eg_000,0.9557164271177551
missingindicator_ae_000,missingindicator_bd_000,0.9555831413335775
missingindicator_af_000,missingindicator_bd_000,0.9555831413335775
missingindicator_be_000,missingindicator_dr_000,0.9555644317647267
missingindicator_be_000,missingindicator_dv_000,0.9555644317647267
missingindicator_be_000,missingindicator_du_000,0.9555644317647267
missingindicator_bc_000,missingindicator_bf_000,0.955549867547302
missingindicator_ax_000,missingindicator_ef_000,0.9555326304007339
missingindicator_ax_000,missingindicator_cp_000,0.9555326304007339
missingindicator_ax_000,missingindicator_dy_000,0.9555326304007339
missingindicator_ax_000,missingindicator_de_000,0.9555326304007231
missingindicator_be_000,missingindicator_de_000,0.9555314668488971
missingindicator_be_000,missingindicator_ef_000,0.9555314668488858
missingindicator_be_000,missingindicator_dy_000,0.9555314668488858
missingindicator_be_000,missingindicator_cp_000,0.9555314668488858
missingindicator_dd_000,missingindicator_dy_000,0.9555314668488847
missingindicator_cp_000,missingindicator_dd_000,0.9555314668488847
missingindicator_dd_000,missingindicator_ef_000,0.9555314668488847
missingindicator_ce_000,missingindicator_eg_000,0.955515547971334
missingindicator_ce_000,missingindicator_dz_000,0.955515547971334
missingindicator_ar_000,missingindicator_ce_000,0.955515547971334
missingindicator_bz_000,missingindicator_ce_000,0.955515547971334
missingindicator_ce_000,missingindicator_dx_000,0.955515547971334
missingindicator_ce_000,missingindicator_ea_000,0.955515547971334
missingindicator_af_000,missingindicator_dr_000,0.9553662382678134
missingindicator_af_000,missingindicator_du_000,0.9553662382678134
missingindicator_ae_000,missingindicator_du_000,0.9553662382678134
missingindicator_ae_000,missingindicator_dv_000,0.9553662382678134
missingindicator_af_000,missingindicator_dv_000,0.9553662382678134
missingindicator_ae_000,missingindicator_dr_000,0.9553662382678134
missingindicator_ae_000,missingindicator_dq_000,0.9553662382678126
missingindicator_af_000,missingindicator_dq_000,0.9553662382678126
missingindicator_ae_000,missingindicator_dp_000,0.9553662382678126
missingindicator_af_000,missingindicator_dp_000,0.9553662382678126
missingindicator_bf_000,missingindicator_do_000,0.9553329534471482
missingindicator_ce_000,missingindicator_ef_000,0.9553317828935622
missingindicator_ce_000,missingindicator_cp_000,0.9553317828935622
missingindicator_ce_000,missingindicator_dy_000,0.9553317828935622
missingindicator_ce_000,missingindicator_de_000,0.955331782893555
missingindicator_ar_000,missingindicator_dd_000,0.9553147871488551
missingindicator_bz_000,missingindicator_dd_000,0.9553147871488551
missingindicator_dd_000,missingindicator_ea_000,0.9553147871488551
missingindicator_dd_000,missingindicator_dx_000,0.9553147871488551
missingindicator_dd_000,missingindicator_eg_000,0.9553147871488551
missingindicator_dd_000,missingindicator_dz_000,0.9553147871488551
missingindicator_be_000,missingindicator_dz_000,0.9553147871488507
missingindicator_be_000,missingindicator_dx_000,0.9553147871488507
missingindicator_be_000,missingindicator_ea_000,0.9553147871488507
missingindicator_be_000,missingindicator_bz_000,0.9553147871488507
missingindicator_ar_000,missingindicator_be_000,0.9553147871488507
missingindicator_be_000,missingindicator_eg_000,0.9553147871488507
missingindicator_af_000,missingindicator_dt_000,0.9551827084002242
missingindicator_af_000,missingindicator_ds_000,0.9551827084002242
missingindicator_ae_000,missingindicator_dt_000,0.9551827084002242
missingindicator_ae_000,missingindicator_ds_000,0.9551827084002242
missingindicator_bd_000,missingindicator_bf_000,0.9551827084002216
missingindicator_av_000,missingindicator_bc_000,0.9551492946870729
missingindicator_dd_000,missingindicator_de_000,0.9551310536902446
missingindicator_ax_000,missingindicator_bd_000,0.9549818373384262
missingindicator_bf_000,missingindicator_dr_000,0.9549657353906285
missingindicator_bf_000,missingindicator_dv_000,0.9549657353906285
missingindicator_bf_000,missingindicator_du_000,0.9549657353906285
missingindicator_bf_000,missingindicator_dq_000,0.9549657353906279
missingindicator_bf_000,missingindicator_dp_000,0.9549657353906279
missingindicator_ax_000,missingindicator_bc_000,0.9549484370069197
missingindicator_av_000,missingindicator_do_000,0.9549323105645989
missingindicator_bf_000,missingindicator_ds_000,0.9547822754668682
missingindicator_bf_000,missingindicator_dt_000,0.9547822754668682
missingindicator_av_000,missingindicator_bd_000,0.954782275466865
missingindicator_bc_000,missingindicator_ce_000,0.9547476976817451
missingindicator_ax_000,missingindicator_do_000,0.9547314978783275
missingindicator_bd_000,missingindicator_dd_000,0.954580450181613
missingindicator_av_000,missingindicator_dp_000,0.9545652325134525
missingindicator_av_000,missingindicator_dq_000,0.9545652325134525
missingindicator_av_000,missingindicator_dr_000,0.9545652325134473
missingindicator_av_000,missingindicator_du_000,0.9545652325134473
missingindicator_av_000,missingindicator_dv_000,0.9545652325134473
missingindicator_bc_000,missingindicator_dd_000,0.9545470765937107
missingindicator_ce_000,missingindicator_do_000,0.9545308035203897
missingindicator_av_000,missingindicator_dt_000,0.9543818425335109
missingindicator_av_000,missingindicator_ds_000,0.9543818425335109
missingindicator_bd_000,missingindicator_ce_000,0.9543808048205115
missingindicator_ax_000,missingindicator_dq_000,0.9543644830368762
missingindicator_ax_000,missingindicator_dp_000,0.9543644830368762
missingindicator_ax_000,missingindicator_dv_000,0.9543644830368682
missingindicator_ax_000,missingindicator_du_000,0.9543644830368682
missingindicator_ax_000,missingindicator_dr_000,0.9543644830368682
missingindicator_dd_000,missingindicator_dp_000,0.9543636120640643
missingindicator_dd_000,missingindicator_dq_000,0.9543636120640643
missingindicator_dd_000,missingindicator_do_000,0.9543302273729448
missingindicator_ax_000,missingindicator_dt_000,0.9541811246340962
missingindicator_ax_000,missingindicator_ds_000,0.9541811246340962
missingindicator_dd_000,missingindicator_dt_000,0.9541802468517755
missingindicator_dd_000,missingindicator_ds_000,0.9541802468517755
missingindicator_ce_000,missingindicator_dq_000,0.9541638518484938
missingindicator_ce_000,missingindicator_dp_000,0.9541638518484938
missingindicator_ce_000,missingindicator_dr_000,0.9541638518484898
missingindicator_ce_000,missingindicator_dv_000,0.9541638518484898
missingindicator_ce_000,missingindicator_du_000,0.9541638518484898
missingindicator_ce_000,missingindicator_dt_000,0.953980525002837
missingindicator_ce_000,missingindicator_ds_000,0.953980525002837
missingindicator_dd_000,missingindicator_dr_000,0.9539633388305077
missingindicator_dd_000,missingindicator_dv_000,0.9539633388305077
missingindicator_dd_000,missingindicator_du_000,0.9539633388305077
bn_000,bp_000,0.9533394137165083
bg_000,bh_000,0.9532307292637554
aq_000,bj_000,0.9523451177560007
missingindicator_cf_000,missingindicator_db_000,0.9522285651254616
missingindicator_cf_000,missingindicator_cy_000,0.9522285651254616
missingindicator_cf_000,missingindicator_cx_000,0.9522285651254616
missingindicator_cf_000,missingindicator_da_000,0.9522285651254616
missingindicator_cf_000,missingindicator_cz_000,0.9522285651254616
missingindicator_cg_000,missingindicator_cv_000,0.9522285651254616
missingindicator_ch_000,missingindicator_dc_000,0.9522285651254616
missingindicator_ch_000,missingindicator_db_000,0.9522285651254616
missingindicator_co_000,missingindicator_dc_000,0.9522285651254616
missingindicator_co_000,missingindicator_db_000,0.9522285651254616
missingindicator_co_000,missingindicator_cz_000,0.9522285651254616
missingindicator_co_000,missingindicator_da_000,0.9522285651254616
missingindicator_co_000,missingindicator_cy_000,0.9522285651254616
missingindicator_co_000,missingindicator_cv_000,0.9522285651254616
missingindicator_co_000,missingindicator_cu_000,0.9522285651254616
missingindicator_co_000,missingindicator_ct_000,0.9522285651254616
missingindicator_ad_000,missingindicator_db_000,0.9522285651254616
missingindicator_co_000,missingindicator_cx_000,0.9522285651254616
missingindicator_ad_000,missingindicator_dc_000,0.9522285651254616
missingindicator_cf_000,missingindicator_cv_000,0.9522285651254616
missingindicator_cf_000,missingindicator_cu_000,0.9522285651254616
missingindicator_cf_000,missingindicator_ct_000,0.9522285651254616
missingindicator_ch_000,missingindicator_cu_000,0.9522285651254616
missingindicator_ch_000,missingindicator_ct_000,0.9522285651254616
missingindicator_cg_000,missingindicator_dc_000,0.9522285651254616
missingindicator_ch_000,missingindicator_cv_000,0.9522285651254616
missingindicator_ch_000,missingindicator_cz_000,0.9522285651254616
missingindicator_ch_000,missingindicator_cy_000,0.9522285651254616
missingindicator_ch_000,missingindicator_cx_000,0.9522285651254616
missingindicator_ch_000,missingindicator_da_000,0.9522285651254616
missingindicator_cg_000,missingindicator_da_000,0.9522285651254616
missingindicator_cg_000,missingindicator_cz_000,0.9522285651254616
missingindicator_cg_000,missingindicator_cy_000,0.9522285651254616
missingindicator_cg_000,missingindicator_db_000,0.9522285651254616
missingindicator_cg_000,missingindicator_cx_000,0.9522285651254616
missingindicator_cg_000,missingindicator_ct_000,0.9522285651254616
missingindicator_cg_000,missingindicator_cu_000,0.9522285651254616
missingindicator_cf_000,missingindicator_dc_000,0.9522285651254616
missingindicator_ad_000,missingindicator_ct_000,0.9522285651254616
missingindicator_ad_000,missingindicator_cz_000,0.9522285651254616
missingindicator_ad_000,missingindicator_da_000,0.9522285651254616
missingindicator_ad_000,missingindicator_cx_000,0.9522285651254616
missingindicator_ad_000,missingindicator_cv_000,0.9522285651254616
missingindicator_ad_000,missingindicator_cu_000,0.9522285651254616
missingindicator_ad_000,missingindicator_cy_000,0.9522285651254616
ah_000,bh_000,0.9510679027595538
